consumptionQuantity1,consumptionQuantity2,consumptionValue,consumptionCIFValue,cifValue,date,countryCode,hS10Code,censusUOMId1,censusUOMId2,fasConvertedUOMId,fasNonConvertedUOMId,quantity1,quantity2,value,mes_origen,year
8099.0,0.0,15727.0,16977.0,16977.0,199802,MX,0203192010,47,47,70,70,8099.0,0.0,15727.0,2,1998
7700.0,0.0,37845.0,38795.0,38795.0,199803,MX,0203192010,47,47,70,70,7700.0,0.0,37845.0,3,1998
30954.0,0.0,116459.0,117842.0,117842.0,199807,MX,0203192010,47,47,70,70,30954.0,0.0,116459.0,7,1998
2415.0,0.0,9585.0,9702.0,9702.0,199807,MX,0203292000,47,47,70,70,2415.0,0.0,9585.0,7,1998
16720.0,0.0,58220.0,58895.0,58895.0,199808,MX,0203192010,47,47,70,70,16720.0,0.0,58220.0,8,1998
13616.0,0.0,76285.0,77785.0,77785.0,199810,MX,0203294000,47,47,70,70,13616.0,0.0,76285.0,10,1998
17398.0,0.0,44190.0,44790.0,44790.0,199902,MX,0203294000,47,47,70,70,17398.0,0.0,44190.0,2,1999
17365.0,0.0,44281.0,44356.0,44356.0,199903,MX,0203292000,47,47,70,70,17365.0,0.0,44281.0,3,1999
5308.0,0.0,34637.0,35517.0,35517.0,200103,MX,0203192010,47,47,70,70,5308.0,0.0,34637.0,3,2001
1327.0,0.0,2123.0,2223.0,2223.0,200111,MX,0203129020,47,47,70,70,1327.0,0.0,2123.0,11,2001
1988.0,0.0,4383.0,4533.0,4533.0,200111,MX,0203292000,47,47,70,70,1988.0,0.0,4383.0,11,2001
1211.0,0.0,6498.0,6548.0,6548.0,200302,MX,0203294000,47,47,70,70,1211.0,0.0,6498.0,2,2003
6876.0,0.0,39413.0,39963.0,39963.0,200304,MX,0203294000,47,47,70,70,6876.0,0.0,39413.0,4,2003
28773.0,0.0,129741.0,131441.0,131441.0,200307,MX,0203294000,47,47,70,70,28773.0,0.0,129741.0,7,2003
11580.0,0.0,29612.0,29614.0,29614.0,200308,MX,0203194010,47,47,70,70,11580.0,0.0,29612.0,8,2003
2277.0,0.0,2460.0,2461.0,2461.0,200309,MX,0203192090,47,47,70,70,2277.0,0.0,2460.0,9,2003
23512.0,0.0,60128.0,60131.0,60131.0,200309,MX,0203194010,47,47,70,70,23512.0,0.0,60128.0,9,2003
23668.0,0.0,25560.0,25563.0,25563.0,200309,MX,0203229000,47,47,70,70,23668.0,0.0,25560.0,9,2003
14552.0,0.0,61445.0,61938.0,61938.0,200309,MX,0203294000,47,47,70,70,14552.0,0.0,61445.0,9,2003
30434.0,0.0,67156.0,67223.0,67223.0,200310,MX,0203194010,47,47,70,70,30434.0,0.0,67156.0,10,2003
2103.0,0.0,6662.0,6747.0,6747.0,200310,MX,0203194090,47,47,70,70,2103.0,0.0,6662.0,10,2003
1075.0,0.0,4503.0,4504.0,4504.0,200310,MX,0203229000,47,47,70,70,1075.0,0.0,4503.0,10,2003
46022.0,0.0,62436.0,62442.0,62442.0,200310,MX,0203294000,47,47,70,70,46022.0,0.0,62436.0,10,2003
49991.0,0.0,110666.0,110670.0,110670.0,200311,MX,0203194010,47,47,70,70,49991.0,0.0,110666.0,11,2003
31186.0,0.0,62657.0,62664.0,62664.0,200311,MX,0203294000,47,47,70,70,31186.0,0.0,62657.0,11,2003
66314.0,0.0,138130.0,138135.0,138135.0,200312,MX,0203194010,47,47,70,70,66314.0,0.0,138130.0,12,2003
2366.0,0.0,16653.0,16801.0,16801.0,200312,MX,0203292000,47,47,70,70,2366.0,0.0,16653.0,12,2003
49749.0,0.0,125050.0,125692.0,125692.0,200312,MX,0203294000,47,47,70,70,49749.0,0.0,125050.0,12,2003
40024.0,0.0,89213.0,89216.0,89216.0,200401,MX,0203194010,47,47,70,70,40024.0,0.0,89213.0,1,2004
2793.0,0.0,7432.0,7582.0,7582.0,200401,MX,0203194090,47,47,70,70,2793.0,0.0,7432.0,1,2004
31891.0,0.0,68197.0,68352.0,68352.0,200401,MX,0203294000,47,47,70,70,31891.0,0.0,68197.0,1,2004
54544.0,0.0,114181.0,114186.0,114186.0,200402,MX,0203194010,47,47,70,70,54544.0,0.0,114181.0,2,2004
42842.0,0.0,117764.0,118278.0,118278.0,200402,MX,0203294000,47,47,70,70,42842.0,0.0,117764.0,2,2004
61028.0,0.0,133410.0,133415.0,133415.0,200403,MX,0203194010,47,47,70,70,61028.0,0.0,133410.0,3,2004
1355.0,0.0,12819.0,12952.0,12952.0,200403,MX,0203292000,47,47,70,70,1355.0,0.0,12819.0,3,2004
44930.0,0.0,148482.0,148788.0,148788.0,200403,MX,0203294000,47,47,70,70,44930.0,0.0,148482.0,3,2004
58066.0,0.0,132961.0,132965.0,132965.0,200404,MX,0203194010,47,47,70,70,58066.0,0.0,132961.0,4,2004
1977.0,0.0,12421.0,12570.0,12570.0,200404,MX,0203229000,47,47,70,70,1977.0,0.0,12421.0,4,2004
17780.0,0.0,116479.0,117271.0,117271.0,200404,MX,0203292000,47,47,70,70,17780.0,0.0,116479.0,4,2004
35423.0,0.0,138795.0,139400.0,139400.0,200404,MX,0203294000,47,47,70,70,35423.0,0.0,138795.0,4,2004
87984.0,0.0,292019.0,292968.0,292968.0,200405,MX,0203194010,47,47,70,70,87984.0,0.0,292019.0,5,2004
998.0,0.0,3940.0,3954.0,3954.0,200405,MX,0203194090,47,47,70,70,998.0,0.0,3940.0,5,2004
53673.0,0.0,213014.0,213172.0,213172.0,200405,MX,0203294000,47,47,70,70,53673.0,0.0,213014.0,5,2004
17430.0,0.0,74707.0,74957.0,74957.0,200406,MX,0203294000,47,47,70,70,17430.0,0.0,74707.0,6,2004
15480.0,0.0,64843.0,65337.0,65337.0,200407,MX,0203194010,47,47,70,70,15480.0,0.0,64843.0,7,2004
1382.0,0.0,5483.0,5525.0,5525.0,200407,MX,0203194090,47,47,70,70,1382.0,0.0,5483.0,7,2004
13360.0,0.0,73340.0,73890.0,73890.0,200407,MX,0203229000,47,47,70,70,13360.0,0.0,73340.0,7,2004
16607.0,0.0,69562.0,70259.0,70259.0,200408,MX,0203194010,47,47,70,70,16607.0,0.0,69562.0,8,2004
1322.0,0.0,5245.0,5298.0,5298.0,200408,MX,0203194090,47,47,70,70,1322.0,0.0,5245.0,8,2004
17817.0,0.0,76594.0,76994.0,76994.0,200408,MX,0203294000,47,47,70,70,17817.0,0.0,76594.0,8,2004
12333.0,0.0,51551.0,52000.0,52000.0,200409,MX,0203192010,47,47,70,70,12333.0,0.0,51551.0,9,2004
37621.0,0.0,182428.0,183480.0,183480.0,200409,MX,0203294000,47,47,70,70,37621.0,0.0,182428.0,9,2004
2875.0,0.0,11093.0,11587.0,11587.0,200410,MX,0203192010,47,47,70,70,2875.0,0.0,11093.0,10,2004
8515.0,0.0,41489.0,41770.0,41770.0,200411,MX,0203192010,47,47,70,70,8515.0,0.0,41489.0,11,2004
9351.0,0.0,69163.0,69632.0,69632.0,200411,MX,0203294000,47,47,70,70,9351.0,0.0,69163.0,11,2004
17978.0,0.0,71288.0,71538.0,71538.0,200412,MX,0203292000,47,47,70,70,17978.0,0.0,71288.0,12,2004
17895.0,0.0,100574.0,100824.0,100824.0,200412,MX,0203294000,47,47,70,70,17895.0,0.0,100574.0,12,2004
8982.0,0.0,34651.0,35200.0,35200.0,200501,MX,0203194010,47,47,70,70,8982.0,0.0,34651.0,1,2005
35757.0,0.0,215847.0,217347.0,217347.0,200501,MX,0203294000,47,47,70,70,35757.0,0.0,215847.0,1,2005
17414.0,0.0,61424.0,61811.0,61811.0,200502,MX,0203194010,47,47,70,70,17414.0,0.0,61424.0,2,2005
462.0,0.0,2086.0,2099.0,2099.0,200502,MX,0203194090,47,47,70,70,462.0,0.0,2086.0,2,2005
17877.0,0.0,94409.0,94959.0,94959.0,200502,MX,0203294000,47,47,70,70,17877.0,0.0,94409.0,2,2005
17925.0,0.0,102942.0,103292.0,103292.0,200503,MX,0203294000,47,47,70,70,17925.0,0.0,102942.0,3,2005
17816.0,0.0,90337.0,90737.0,90737.0,200504,MX,0203192010,47,47,70,70,17816.0,0.0,90337.0,4,2005
9258.0,0.0,31060.0,31610.0,31610.0,200504,MX,0203194010,47,47,70,70,9258.0,0.0,31060.0,4,2005
17805.0,0.0,62416.0,62966.0,62966.0,200504,MX,0203294000,47,47,70,70,17805.0,0.0,62416.0,4,2005
17813.0,0.0,115845.0,116245.0,116245.0,200505,MX,0203192010,47,47,70,70,17813.0,0.0,115845.0,5,2005
1015.0,0.0,2797.0,2798.0,2798.0,200505,MX,0203194010,47,47,70,70,1015.0,0.0,2797.0,5,2005
33095.0,0.0,150448.0,150799.0,150799.0,200505,MX,0203294000,47,47,70,70,33095.0,0.0,150448.0,5,2005
2706.0,0.0,13822.0,13824.0,13824.0,200506,MX,0203194010,47,47,70,70,2706.0,0.0,13822.0,6,2005
102372.0,0.0,512857.0,514860.0,514860.0,200506,MX,0203294000,47,47,70,70,102372.0,0.0,512857.0,6,2005
35134.0,0.0,151950.0,152750.0,152750.0,200507,MX,0203192010,47,47,70,70,35134.0,0.0,151950.0,7,2005
12999.0,0.0,33656.0,33659.0,33659.0,200507,MX,0203194010,47,47,70,70,12999.0,0.0,33656.0,7,2005
67811.0,0.0,236358.0,236649.0,236649.0,200507,MX,0203294000,47,47,70,70,67811.0,0.0,236358.0,7,2005
17570.0,0.0,46862.0,46865.0,46865.0,200508,MX,0203194010,47,47,70,70,17570.0,0.0,46862.0,8,2005
72367.0,0.0,284663.0,285916.0,285916.0,200508,MX,0203294000,47,47,70,70,72367.0,0.0,284663.0,8,2005
6337.0,0.0,16765.0,16766.0,16766.0,200509,MX,0203194010,47,47,70,70,6337.0,0.0,16765.0,9,2005
64818.0,0.0,273982.0,275026.0,275026.0,200509,MX,0203294000,47,47,70,70,64818.0,0.0,273982.0,9,2005
26320.0,0.0,68993.0,68996.0,68996.0,200510,MX,0203194010,47,47,70,70,26320.0,0.0,68993.0,10,2005
9118.0,0.0,30979.0,31051.0,31051.0,200510,MX,0203229000,47,47,70,70,9118.0,0.0,30979.0,10,2005
161239.0,0.0,630036.0,633667.0,633667.0,200510,MX,0203294000,47,47,70,70,161239.0,0.0,630036.0,10,2005
18152.0,0.0,47001.0,47003.0,47003.0,200511,MX,0203194010,47,47,70,70,18152.0,0.0,47001.0,11,2005
87178.0,0.0,336753.0,339003.0,339003.0,200511,MX,0203294000,47,47,70,70,87178.0,0.0,336753.0,11,2005
23916.0,0.0,62276.0,62279.0,62279.0,200512,MX,0203194010,47,47,70,70,23916.0,0.0,62276.0,12,2005
135913.0,0.0,500910.0,503512.0,503512.0,200512,MX,0203294000,47,47,70,70,135913.0,0.0,500910.0,12,2005
51545.0,0.0,163491.0,165041.0,165041.0,200601,MX,0203192010,47,47,70,70,51545.0,0.0,163491.0,1,2006
19718.0,0.0,38968.0,38970.0,38970.0,200601,MX,0203194010,47,47,70,70,19718.0,0.0,38968.0,1,2006
17853.0,0.0,108835.0,109385.0,109385.0,200601,MX,0203292000,47,47,70,70,17853.0,0.0,108835.0,1,2006
28285.0,0.0,78538.0,78838.0,78838.0,200601,MX,0203294000,47,47,70,70,28285.0,0.0,78538.0,1,2006
34481.0,0.0,76430.0,76433.0,76433.0,200602,MX,0203194010,47,47,70,70,34481.0,0.0,76430.0,2,2006
45295.0,0.0,145828.0,146479.0,146479.0,200602,MX,0203294000,47,47,70,70,45295.0,0.0,145828.0,2,2006
9211.0,0.0,18606.0,18607.0,18607.0,200603,MX,0203194010,47,47,70,70,9211.0,0.0,18606.0,3,2006
84054.0,0.0,290673.0,293874.0,293874.0,200603,MX,0203294000,47,47,70,70,84054.0,0.0,290673.0,3,2006
2651.0,0.0,16363.0,17063.0,17063.0,200604,MX,0203192010,47,47,70,70,2651.0,0.0,16363.0,4,2006
12104.0,0.0,25516.0,25517.0,25517.0,200604,MX,0203194010,47,47,70,70,12104.0,0.0,25516.0,4,2006
68661.0,0.0,284639.0,286041.0,286041.0,200604,MX,0203294000,47,47,70,70,68661.0,0.0,284639.0,4,2006
1097.0,0.0,6774.0,7124.0,7124.0,200605,MX,0203192010,47,47,70,70,1097.0,0.0,6774.0,5,2006
23159.0,0.0,54417.0,54522.0,54522.0,200605,MX,0203194010,47,47,70,70,23159.0,0.0,54417.0,5,2006
3382.0,0.0,12741.0,12787.0,12787.0,200605,MX,0203194090,47,47,70,70,3382.0,0.0,12741.0,5,2006
107473.0,0.0,398823.0,401472.0,401472.0,200605,MX,0203294000,47,47,70,70,107473.0,0.0,398823.0,5,2006
2646.0,0.0,16332.0,17032.0,17032.0,200606,MX,0203192010,47,47,70,70,2646.0,0.0,16332.0,6,2006
53840.0,0.0,128976.0,129297.0,129297.0,200606,MX,0203194010,47,47,70,70,53840.0,0.0,128976.0,6,2006
10555.0,0.0,38548.0,38675.0,38675.0,200606,MX,0203194090,47,47,70,70,10555.0,0.0,38548.0,6,2006
84749.0,0.0,282317.0,285161.0,285161.0,200606,MX,0203294000,47,47,70,70,84749.0,0.0,282317.0,6,2006
1837.0,0.0,3791.0,3792.0,3792.0,200607,MX,0203194010,47,47,70,70,1837.0,0.0,3791.0,7,2006
138408.0,0.0,525316.0,528456.0,528456.0,200607,MX,0203294000,47,47,70,70,138408.0,0.0,525316.0,7,2006
22400.0,0.0,119450.0,120450.0,120450.0,200608,MX,0203192010,47,47,70,70,22400.0,0.0,119450.0,8,2006
26920.0,0.0,67336.0,67488.0,67488.0,200608,MX,0203194010,47,47,70,70,26920.0,0.0,67336.0,8,2006
5305.0,0.0,5497.0,5498.0,5498.0,200608,MX,0203194090,47,47,70,70,5305.0,0.0,5497.0,8,2006
79535.0,0.0,321502.0,323453.0,323453.0,200608,MX,0203294000,47,47,70,70,79535.0,0.0,321502.0,8,2006
22274.0,0.0,62851.0,62853.0,62853.0,200609,MX,0203194010,47,47,70,70,22274.0,0.0,62851.0,9,2006
107948.0,0.0,376161.0,378662.0,378662.0,200609,MX,0203294000,47,47,70,70,107948.0,0.0,376161.0,9,2006
23311.0,0.0,66176.0,66178.0,66178.0,200610,MX,0203194010,47,47,70,70,23311.0,0.0,66176.0,10,2006
108004.0,0.0,393139.0,395391.0,395391.0,200610,MX,0203294000,47,47,70,70,108004.0,0.0,393139.0,10,2006
9884.0,0.0,26963.0,26964.0,26964.0,200611,MX,0203194010,47,47,70,70,9884.0,0.0,26963.0,11,2006
151847.0,0.0,544978.0,547877.0,547877.0,200611,MX,0203294000,47,47,70,70,151847.0,0.0,544978.0,11,2006
25363.0,0.0,63591.0,63593.0,63593.0,200612,MX,0203194010,47,47,70,70,25363.0,0.0,63591.0,12,2006
1292.0,0.0,3063.0,3064.0,3064.0,200612,MX,0203194090,47,47,70,70,1292.0,0.0,3063.0,12,2006
97496.0,0.0,372091.0,337064.0,337064.0,200612,MX,0203294000,47,47,70,70,97496.0,0.0,372091.0,12,2006
13826.0,0.0,28101.0,28102.0,28102.0,200701,MX,0203194010,47,47,70,70,13826.0,0.0,28101.0,1,2007
127916.0,0.0,502134.0,541627.0,541627.0,200701,MX,0203294000,47,47,70,70,127916.0,0.0,502134.0,1,2007
2303.0,0.0,6478.0,6496.0,6496.0,200702,MX,0203192090,47,47,70,70,2303.0,0.0,6478.0,2,2007
22355.0,0.0,53182.0,53184.0,53184.0,200702,MX,0203194010,47,47,70,70,22355.0,0.0,53182.0,2,2007
1027.0,0.0,2897.0,2898.0,2898.0,200702,MX,0203194090,47,47,70,70,1027.0,0.0,2897.0,2,2007
126453.0,0.0,571646.0,574228.0,574228.0,200702,MX,0203294000,47,47,70,70,126453.0,0.0,571646.0,2,2007
2590.0,0.0,8271.0,8310.0,8310.0,200703,MX,0203192090,47,47,70,70,2590.0,0.0,8271.0,3,2007
30519.0,0.0,83806.0,83809.0,83809.0,200703,MX,0203194010,47,47,70,70,30519.0,0.0,83806.0,3,2007
1121.0,0.0,3170.0,3171.0,3171.0,200703,MX,0203194090,47,47,70,70,1121.0,0.0,3170.0,3,2007
139750.0,0.0,569034.0,571697.0,571697.0,200703,MX,0203294000,47,47,70,70,139750.0,0.0,569034.0,3,2007
16492.0,0.0,41455.0,41457.0,41457.0,200704,MX,0203194010,47,47,70,70,16492.0,0.0,41455.0,4,2007
1689.0,0.0,4237.0,4238.0,4238.0,200704,MX,0203194090,47,47,70,70,1689.0,0.0,4237.0,4,2007
97615.0,0.0,368984.0,341906.0,341906.0,200704,MX,0203294000,47,47,70,70,97615.0,0.0,368984.0,4,2007
8763.0,0.0,24136.0,24137.0,24137.0,200705,MX,0203194010,47,47,70,70,8763.0,0.0,24136.0,5,2007
112278.0,0.0,495838.0,527669.0,527669.0,200705,MX,0203294000,47,47,70,70,112278.0,0.0,495838.0,5,2007
9926.0,0.0,34578.0,34728.0,34728.0,200706,MX,0203192090,47,47,70,70,9926.0,0.0,34578.0,6,2007
32133.0,0.0,75608.0,75611.0,75611.0,200706,MX,0203194010,47,47,70,70,32133.0,0.0,75608.0,6,2007
1551.0,0.0,2883.0,2884.0,2884.0,200706,MX,0203194090,47,47,70,70,1551.0,0.0,2883.0,6,2007
140792.0,0.0,501930.0,504485.0,504485.0,200706,MX,0203294000,47,47,70,70,140792.0,0.0,501930.0,6,2007
23899.0,0.0,49651.0,49653.0,49653.0,200707,MX,0203194010,47,47,70,70,23899.0,0.0,49651.0,7,2007
132500.0,0.0,534470.0,537322.0,537322.0,200707,MX,0203294000,47,47,70,70,132500.0,0.0,534470.0,7,2007
25404.0,0.0,62446.0,62448.0,62448.0,200708,MX,0203194010,47,47,70,70,25404.0,0.0,62446.0,8,2007
3134.0,0.0,6139.0,6141.0,6141.0,200708,MX,0203194090,47,47,70,70,3134.0,0.0,6139.0,8,2007
116849.0,0.0,489007.0,491158.0,491158.0,200708,MX,0203294000,47,47,70,70,116849.0,0.0,489007.0,8,2007
535.0,0.0,2238.0,2239.0,2239.0,200709,MX,0203194090,47,47,70,70,535.0,0.0,2238.0,9,2007
153284.0,0.0,579546.0,582148.0,582148.0,200709,MX,0203294000,47,47,70,70,153284.0,0.0,579546.0,9,2007
9429.0,0.0,27038.0,27040.0,27040.0,200710,MX,0203194010,47,47,70,70,9429.0,0.0,27038.0,10,2007
6378.0,0.0,16140.0,16529.0,16529.0,200710,MX,0203194090,47,47,70,70,6378.0,0.0,16140.0,10,2007
155027.0,0.0,664248.0,667560.0,667560.0,200710,MX,0203294000,47,47,70,70,155027.0,0.0,664248.0,10,2007
14658.0,0.0,36522.0,36524.0,36524.0,200711,MX,0203194010,47,47,70,70,14658.0,0.0,36522.0,11,2007
2627.0,0.0,3653.0,3654.0,3654.0,200711,MX,0203194090,47,47,70,70,2627.0,0.0,3653.0,11,2007
128833.0,0.0,488183.0,490335.0,490335.0,200711,MX,0203294000,47,47,70,70,128833.0,0.0,488183.0,11,2007
12623.0,0.0,37325.0,37327.0,37327.0,200712,MX,0203194010,47,47,70,70,12623.0,0.0,37325.0,12,2007
175376.0,0.0,729024.0,732626.0,732626.0,200712,MX,0203294000,47,47,70,70,175376.0,0.0,729024.0,12,2007
11123.0,0.0,32915.0,32917.0,32917.0,200801,MX,0203194010,47,47,70,70,11123.0,0.0,32915.0,1,2008
3783.0,0.0,11229.0,11230.0,11230.0,200801,MX,0203194090,47,47,70,70,3783.0,0.0,11229.0,1,2008
165387.0,0.0,619027.0,621829.0,621829.0,200801,MX,0203294000,47,47,70,70,165387.0,0.0,619027.0,1,2008
18894.0,0.0,48288.0,48291.0,48291.0,200802,MX,0203194010,47,47,70,70,18894.0,0.0,48288.0,2,2008
10358.0,0.0,11897.0,11900.0,11900.0,200802,MX,0203194090,47,47,70,70,10358.0,0.0,11897.0,2,2008
147487.0,0.0,536699.0,539801.0,539801.0,200802,MX,0203294000,47,47,70,70,147487.0,0.0,536699.0,2,2008
15098.0,0.0,44603.0,44605.0,44605.0,200803,MX,0203194010,47,47,70,70,15098.0,0.0,44603.0,3,2008
3612.0,0.0,3328.0,3329.0,3329.0,200803,MX,0203194090,47,47,70,70,3612.0,0.0,3328.0,3,2008
112974.0,0.0,495266.0,445327.0,445327.0,200803,MX,0203294000,47,47,70,70,112974.0,0.0,495266.0,3,2008
23479.0,0.0,58012.0,58015.0,58015.0,200804,MX,0203194010,47,47,70,70,23479.0,0.0,58012.0,4,2008
11597.0,0.0,22850.0,22853.0,22853.0,200804,MX,0203194090,47,47,70,70,11597.0,0.0,22850.0,4,2008
183152.0,0.0,767586.0,822979.0,822979.0,200804,MX,0203294000,47,47,70,70,183152.0,0.0,767586.0,4,2008
6512.0,0.0,20672.0,20674.0,20674.0,200805,MX,0203194010,47,47,70,70,6512.0,0.0,20672.0,5,2008
23163.0,0.0,18658.0,18660.0,18660.0,200805,MX,0203194090,47,47,70,70,23163.0,0.0,18658.0,5,2008
178952.0,0.0,633281.0,635932.0,635932.0,200805,MX,0203294000,47,47,70,70,178952.0,0.0,633281.0,5,2008
3308.0,0.0,14738.0,14739.0,14739.0,200806,MX,0203194010,47,47,70,70,3308.0,0.0,14738.0,6,2008
1945.0,0.0,8667.0,8668.0,8668.0,200806,MX,0203194090,47,47,70,70,1945.0,0.0,8667.0,6,2008
234242.0,0.0,910804.0,914504.0,914504.0,200806,MX,0203294000,47,47,70,70,234242.0,0.0,910804.0,6,2008
188597.0,0.0,716899.0,721979.0,721979.0,200807,MX,0203294000,47,47,70,70,188597.0,0.0,716899.0,7,2008
13499.0,0.0,33447.0,33449.0,33449.0,200808,MX,0203194010,47,47,70,70,13499.0,0.0,33447.0,8,2008
3157.0,0.0,2568.0,2569.0,2569.0,200808,MX,0203194090,47,47,70,70,3157.0,0.0,2568.0,8,2008
243003.0,0.0,929290.0,934390.0,934390.0,200808,MX,0203294000,47,47,70,70,243003.0,0.0,929290.0,8,2008
4996.0,0.0,19273.0,19274.0,19274.0,200809,MX,0203194010,47,47,70,70,4996.0,0.0,19273.0,9,2008
4364.0,0.0,7526.0,7527.0,7527.0,200809,MX,0203194090,47,47,70,70,4364.0,0.0,7526.0,9,2008
4805.0,0.0,18260.0,18261.0,18261.0,200809,MX,0203294000,47,47,70,70,4805.0,0.0,18260.0,9,2008
706.0,0.0,3569.0,3570.0,3570.0,200810,MX,0203194090,47,47,70,70,706.0,0.0,3569.0,10,2008
78979.0,0.0,295767.0,297897.0,297897.0,200810,MX,0203294000,47,47,70,70,78979.0,0.0,295767.0,10,2008
3827.0,0.0,9411.0,9412.0,9412.0,200811,MX,0203194090,47,47,70,70,3827.0,0.0,9411.0,11,2008
140499.0,0.0,560815.0,563345.0,563345.0,200811,MX,0203294000,47,47,70,70,140499.0,0.0,560815.0,11,2008
7828.0,0.0,18947.0,18948.0,18948.0,200812,MX,0203194010,47,47,70,70,7828.0,0.0,18947.0,12,2008
2743.0,0.0,9844.0,9846.0,9846.0,200812,MX,0203194090,47,47,70,70,2743.0,0.0,9844.0,12,2008
121027.0,0.0,448478.0,451129.0,451129.0,200812,MX,0203294000,47,47,70,70,121027.0,0.0,448478.0,12,2008
16073.0,0.0,32249.0,32251.0,2.0,200901,MX,0203194010,47,47,70,70,16073.0,0.0,32249.0,1,2009
3318.0,0.0,6655.0,6657.0,2.0,200901,MX,0203194090,47,47,70,70,3318.0,0.0,6655.0,1,2009
174347.0,0.0,675643.0,679095.0,3452.0,200901,MX,0203294000,47,47,70,70,174347.0,0.0,675643.0,1,2009
5276.0,0.0,17079.0,17080.0,1.0,200902,MX,0203194010,47,47,70,70,5276.0,0.0,17079.0,2,2009
7410.0,0.0,32221.0,32223.0,2.0,200902,MX,0203194090,47,47,70,70,7410.0,0.0,32221.0,2,2009
117662.0,0.0,485881.0,487783.0,1902.0,200902,MX,0203294000,47,47,70,70,117662.0,0.0,485881.0,2,2009
4830.0,0.0,15974.0,15975.0,1.0,200903,MX,0203194010,47,47,70,70,4830.0,0.0,15974.0,3,2009
6689.0,0.0,23416.0,23418.0,2.0,200903,MX,0203194090,47,47,70,70,6689.0,0.0,23416.0,3,2009
108969.0,0.0,281362.0,283864.0,2502.0,200903,MX,0203294000,47,47,70,70,108969.0,0.0,281362.0,3,2009
9164.0,0.0,21002.0,21004.0,2.0,200904,MX,0203194010,47,47,70,70,9164.0,0.0,21002.0,4,2009
3560.0,0.0,8436.0,8437.0,1.0,200904,MX,0203194090,47,47,70,70,3560.0,0.0,8436.0,4,2009
156062.0,0.0,444508.0,447110.0,2602.0,200904,MX,0203294000,47,47,70,70,156062.0,0.0,444508.0,4,2009
3292.0,0.0,10885.0,10886.0,1.0,200905,MX,0203194010,47,47,70,70,3292.0,0.0,10885.0,5,2009
10122.0,0.0,10122.0,10123.0,1.0,200905,MX,0203194090,47,47,70,70,10122.0,0.0,10122.0,5,2009
259965.0,0.0,866667.0,874768.0,8101.0,200905,MX,0203294000,47,47,70,70,259965.0,0.0,866667.0,5,2009
5941.0,0.0,19646.0,19647.0,1.0,200906,MX,0203194010,47,47,70,70,5941.0,0.0,19646.0,6,2009
4453.0,0.0,8567.0,8568.0,1.0,200906,MX,0203194090,47,47,70,70,4453.0,0.0,8567.0,6,2009
211133.0,0.0,617737.0,621689.0,3952.0,200906,MX,0203294000,47,47,70,70,211133.0,0.0,617737.0,6,2009
6373.0,0.0,21075.0,21076.0,1.0,200907,MX,0203194010,47,47,70,70,6373.0,0.0,21075.0,7,2009
217486.0,0.0,729554.0,732839.0,3285.0,200907,MX,0203294000,47,47,70,70,217486.0,0.0,729554.0,7,2009
1559.0,0.0,7727.0,7728.0,1.0,200908,MX,0203194090,47,47,70,70,1559.0,0.0,7727.0,8,2009
146902.0,0.0,466858.0,470208.0,3350.0,200908,MX,0203294000,47,47,70,70,146902.0,0.0,466858.0,8,2009
4288.0,0.0,14180.0,14181.0,1.0,200909,MX,0203194010,47,47,70,70,4288.0,0.0,14180.0,9,2009
3146.0,0.0,3022.0,3023.0,1.0,200909,MX,0203194090,47,47,70,70,3146.0,0.0,3022.0,9,2009
185475.0,0.0,495466.0,498400.0,2934.0,200909,MX,0203294000,47,47,70,70,185475.0,0.0,495466.0,9,2009
4240.0,0.0,14021.0,14022.0,1.0,200910,MX,0203194010,47,47,70,70,4240.0,0.0,14021.0,10,2009
3527.0,0.0,9499.0,9500.0,1.0,200910,MX,0203194090,47,47,70,70,3527.0,0.0,9499.0,10,2009
287119.0,0.0,789177.0,793609.0,4432.0,200910,MX,0203294000,47,47,70,70,287119.0,0.0,789177.0,10,2009
4581.0,0.0,15150.0,15151.0,1.0,200911,MX,0203194010,47,47,70,70,4581.0,0.0,15150.0,11,2009
12767.0,0.0,46509.0,46861.0,352.0,200911,MX,0203194090,47,47,70,70,12767.0,0.0,46509.0,11,2009
259762.0,0.0,610969.0,615971.0,5002.0,200911,MX,0203294000,47,47,70,70,259762.0,0.0,610969.0,11,2009
5417.0,0.0,17912.0,17913.0,1.0,200912,MX,0203194010,47,47,70,70,5417.0,0.0,17912.0,12,2009
36860.0,0.0,60550.0,60554.0,4.0,200912,MX,0203194090,47,47,70,70,36860.0,0.0,60550.0,12,2009
268737.0,0.0,710737.0,714820.0,4083.0,200912,MX,0203294000,47,47,70,70,268737.0,0.0,710737.0,12,2009
4543.0,0.0,6816.0,6817.0,1.0,201001,MX,0203194010,47,47,70,70,4543.0,0.0,6816.0,1,2010
4854.0,0.0,25053.0,25055.0,2.0,201001,MX,0203194090,47,47,70,70,4854.0,0.0,25053.0,1,2010
218031.0,0.0,533094.0,537076.0,3982.0,201001,MX,0203294000,47,47,70,70,218031.0,0.0,533094.0,1,2010
2394.0,0.0,8181.0,8182.0,1.0,201002,MX,0203194010,47,47,70,70,2394.0,0.0,8181.0,2,2010
35692.0,0.0,47307.0,47310.0,3.0,201002,MX,0203194090,47,47,70,70,35692.0,0.0,47307.0,2,2010
150887.0,0.0,504323.0,507126.0,2803.0,201002,MX,0203294000,47,47,70,70,150887.0,0.0,504323.0,2,2010
3197.0,0.0,10925.0,10926.0,1.0,201003,MX,0203194010,47,47,70,70,3197.0,0.0,10925.0,3,2010
5956.0,0.0,7675.0,7676.0,1.0,201003,MX,0203194090,47,47,70,70,5956.0,0.0,7675.0,3,2010
288241.0,0.0,912429.0,918410.0,5981.0,201003,MX,0203294000,47,47,70,70,288241.0,0.0,912429.0,3,2010
3235.0,0.0,11055.0,11058.0,3.0,201004,MX,0203194010,47,47,70,70,3235.0,0.0,11055.0,4,2010
19944.0,0.0,28726.0,28729.0,3.0,201004,MX,0203194090,47,47,70,70,19944.0,0.0,28726.0,4,2010
307729.0,0.0,1052983.0,1058916.0,5933.0,201004,MX,0203294000,47,47,70,70,307729.0,0.0,1052983.0,4,2010
4898.0,0.0,16380.0,16383.0,3.0,201005,MX,0203194010,47,47,70,70,4898.0,0.0,16380.0,5,2010
10862.0,0.0,9434.0,9436.0,2.0,201005,MX,0203194090,47,47,70,70,10862.0,0.0,9434.0,5,2010
264765.0,0.0,969087.0,972155.0,3068.0,201005,MX,0203294000,47,47,70,70,264765.0,0.0,969087.0,5,2010
1142.0,0.0,4074.0,4075.0,1.0,201006,MX,0203194090,47,47,70,70,1142.0,0.0,4074.0,6,2010
1711.0,0.0,8989.0,9033.0,44.0,201006,MX,0203292000,47,47,70,70,1711.0,0.0,8989.0,6,2010
244837.0,0.0,927728.0,932318.0,4590.0,201006,MX,0203294000,47,47,70,70,244837.0,0.0,927728.0,6,2010
295706.0,0.0,1031296.0,1034948.0,3652.0,201007,MX,0203294000,47,47,70,70,295706.0,0.0,1031296.0,7,2010
994.0,0.0,2810.0,2820.0,10.0,201008,MX,0203192090,47,47,70,70,994.0,0.0,2810.0,8,2010
21217.0,0.0,27727.0,27730.0,3.0,201008,MX,0203194090,47,47,70,70,21217.0,0.0,27727.0,8,2010
330716.0,0.0,1120931.0,1128421.0,7490.0,201008,MX,0203294000,47,47,70,70,330716.0,0.0,1120931.0,8,2010
9186.0,0.0,33417.0,33419.0,2.0,201009,MX,0203194010,47,47,70,70,9186.0,0.0,33417.0,9,2010
20809.0,0.0,37729.0,37731.0,2.0,201009,MX,0203194090,47,47,70,70,20809.0,0.0,37729.0,9,2010
311358.0,0.0,1013027.0,1017441.0,4414.0,201009,MX,0203294000,47,47,70,70,311358.0,0.0,1013027.0,9,2010
1972.0,0.0,8680.0,8699.0,19.0,201010,MX,0203192090,47,47,70,70,1972.0,0.0,8680.0,10,2010
8111.0,0.0,29367.0,29369.0,2.0,201010,MX,0203194010,47,47,70,70,8111.0,0.0,29367.0,10,2010
328061.0,0.0,1137775.0,1143974.0,6199.0,201010,MX,0203294000,47,47,70,70,328061.0,0.0,1137775.0,10,2010
872.0,0.0,2786.0,2787.0,1.0,201011,MX,0203194010,47,47,70,70,872.0,0.0,2786.0,11,2010
15039.0,0.0,32356.0,32359.0,3.0,201011,MX,0203194090,47,47,70,70,15039.0,0.0,32356.0,11,2010
323913.0,0.0,1154544.0,1161423.0,6879.0,201011,MX,0203294000,47,47,70,70,323913.0,0.0,1154544.0,11,2010
871.0,0.0,3746.0,3756.0,10.0,201012,MX,0203192090,47,47,70,70,871.0,0.0,3746.0,12,2010
13169.0,0.0,40460.0,40462.0,2.0,201012,MX,0203194010,47,47,70,70,13169.0,0.0,40460.0,12,2010
6981.0,0.0,13930.0,13931.0,1.0,201012,MX,0203194090,47,47,70,70,6981.0,0.0,13930.0,12,2010
11802.0,0.0,29955.0,29958.0,3.0,201012,MX,0203221000,47,47,70,70,11802.0,0.0,29955.0,12,2010
4362.0,0.0,7020.0,7023.0,3.0,201012,MX,0203292000,47,47,70,70,4362.0,0.0,7020.0,12,2010
480248.0,0.0,1613920.0,1621445.0,7525.0,201012,MX,0203294000,47,47,70,70,480248.0,0.0,1613920.0,12,2010
868.0,0.0,3543.0,3551.0,8.0,201101,MX,0203192090,47,47,70,70,868.0,0.0,3543.0,1,2011
2174.0,0.0,7331.0,7332.0,1.0,201101,MX,0203194010,47,47,70,70,2174.0,0.0,7331.0,1,2011
2191.0,0.0,2015.0,2016.0,1.0,201101,MX,0203194090,47,47,70,70,2191.0,0.0,2015.0,1,2011
7732.0,0.0,22978.0,23041.0,63.0,201101,MX,0203221000,47,47,70,70,7732.0,0.0,22978.0,1,2011
10580.0,0.0,31442.0,31529.0,87.0,201101,MX,0203292000,47,47,70,70,10580.0,0.0,31442.0,1,2011
356922.0,0.0,1135387.0,1142667.0,7280.0,201101,MX,0203294000,47,47,70,70,356922.0,0.0,1135387.0,1,2011
2013.0,0.0,7102.0,7103.0,1.0,201102,MX,0203194010,47,47,70,70,2013.0,0.0,7102.0,2,2011
25429.0,0.0,90511.0,91263.0,752.0,201102,MX,0203194090,47,47,70,70,25429.0,0.0,90511.0,2,2011
350971.0,0.0,1245365.0,1255094.0,9729.0,201102,MX,0203294000,47,47,70,70,350971.0,0.0,1245365.0,2,2011
1720.0,0.0,7392.0,7407.0,15.0,201103,MX,0203192090,47,47,70,70,1720.0,0.0,7392.0,3,2011
2177.0,0.0,2015.0,2016.0,1.0,201103,MX,0203194090,47,47,70,70,2177.0,0.0,2015.0,3,2011
408121.0,0.0,1564769.0,1574218.0,9449.0,201103,MX,0203294000,47,47,70,70,408121.0,0.0,1564769.0,3,2011
8302.0,0.0,11050.0,11051.0,1.0,201104,MX,0203194090,47,47,70,70,8302.0,0.0,11050.0,4,2011
289005.0,0.0,1145389.0,1150608.0,5219.0,201104,MX,0203294000,47,47,70,70,289005.0,0.0,1145389.0,4,2011
3236.0,0.0,8068.0,8069.0,1.0,201105,MX,0203194090,47,47,70,70,3236.0,0.0,8068.0,5,2011
345139.0,0.0,1343337.0,1348856.0,5519.0,201105,MX,0203294000,47,47,70,70,345139.0,0.0,1343337.0,5,2011
1632.0,0.0,6476.0,6478.0,2.0,201106,MX,0203194010,47,47,70,70,1632.0,0.0,6476.0,6,2011
393617.0,0.0,1495705.0,1501450.0,5745.0,201106,MX,0203294000,47,47,70,70,393617.0,0.0,1495705.0,6,2011
1547.0,0.0,6242.0,6243.0,1.0,201107,MX,0203194010,47,47,70,70,1547.0,0.0,6242.0,7,2011
313637.0,0.0,1177485.0,1182041.0,4556.0,201107,MX,0203294000,47,47,70,70,313637.0,0.0,1177485.0,7,2011
2396.0,0.0,9823.0,9825.0,2.0,201108,MX,0203194010,47,47,70,70,2396.0,0.0,9823.0,8,2011
318339.0,0.0,1188842.0,1195173.0,6331.0,201108,MX,0203294000,47,47,70,70,318339.0,0.0,1188842.0,8,2011
1503.0,0.0,7477.0,7491.0,14.0,201109,MX,0203192090,47,47,70,70,1503.0,0.0,7477.0,9,2011
2054.0,0.0,8420.0,8422.0,2.0,201109,MX,0203194010,47,47,70,70,2054.0,0.0,8420.0,9,2011
399582.0,0.0,1532277.0,1537190.0,4913.0,201109,MX,0203294000,47,47,70,70,399582.0,0.0,1532277.0,9,2011
1866.0,0.0,4936.0,4973.0,37.0,201110,MX,0203194090,47,47,70,70,1866.0,0.0,4936.0,10,2011
14894.0,0.0,66811.0,66947.0,136.0,201110,MX,0203292000,47,47,70,70,14894.0,0.0,66811.0,10,2011
431032.0,0.0,1801924.0,1813088.0,11164.0,201110,MX,0203294000,47,47,70,70,431032.0,0.0,1801924.0,10,2011
2604.0,0.0,11916.0,11937.0,21.0,201111,MX,0203194010,47,47,70,70,2604.0,0.0,11916.0,11,2011
952.0,0.0,2487.0,2540.0,53.0,201111,MX,0203194090,47,47,70,70,952.0,0.0,2487.0,11,2011
473875.0,0.0,1784567.0,1826183.0,41616.0,201111,MX,0203294000,47,47,70,70,473875.0,0.0,1784567.0,11,2011
3983.0,0.0,10672.0,10824.0,152.0,201112,MX,0203194090,47,47,70,70,3983.0,0.0,10672.0,12,2011
489471.0,0.0,1915180.0,1955233.0,40053.0,201112,MX,0203294000,47,47,70,70,489471.0,0.0,1915180.0,12,2011
1751.0,0.0,7163.0,7243.0,80.0,201201,MX,0203194010,47,47,70,70,1751.0,0.0,7163.0,1,2012
1361.0,0.0,11628.0,11978.0,350.0,201201,MX,0203292000,47,47,70,70,1361.0,0.0,11628.0,1,2012
459187.0,0.0,1758614.0,1824877.0,66263.0,201201,MX,0203294000,47,47,70,70,459187.0,0.0,1758614.0,1,2012
1354.0,0.0,5551.0,5622.0,71.0,201202,MX,0203194090,47,47,70,70,1354.0,0.0,5551.0,2,2012
419397.0,0.0,1590893.0,1640503.0,49610.0,201202,MX,0203294000,47,47,70,70,419397.0,0.0,1590893.0,2,2012
16776.0,0.0,56850.0,62535.0,5685.0,201203,MX,0203194090,47,47,70,70,16776.0,0.0,56850.0,3,2012
1498.0,0.0,11504.0,11854.0,350.0,201203,MX,0203292000,47,47,70,70,1498.0,0.0,11504.0,3,2012
569693.0,0.0,2128300.0,2206164.0,77864.0,201203,MX,0203294000,47,47,70,70,569693.0,0.0,2128300.0,3,2012
592.0,0.0,2426.0,2459.0,33.0,201204,MX,0203194010,47,47,70,70,592.0,0.0,2426.0,4,2012
12618.0,0.0,45004.0,49505.0,4501.0,201204,MX,0203194090,47,47,70,70,12618.0,0.0,45004.0,4,2012
419609.0,0.0,1563745.0,1624817.0,61072.0,201204,MX,0203294000,47,47,70,70,419609.0,0.0,1563745.0,4,2012
110052.0,0.0,448588.0,493446.0,44858.0,201205,MX,0203194090,47,47,70,70,110052.0,0.0,448588.0,5,2012
358067.0,0.0,1354801.0,1371284.0,16483.0,201205,MX,0203294000,47,47,70,70,358067.0,0.0,1354801.0,5,2012
123535.0,0.0,496764.0,546032.0,49268.0,201206,MX,0203194090,47,47,70,70,123535.0,0.0,496764.0,6,2012
681.0,0.0,5900.0,5950.0,50.0,201206,MX,0203292000,47,47,70,70,681.0,0.0,5900.0,6,2012
364613.0,0.0,1343789.0,1350707.0,6918.0,201206,MX,0203294000,47,47,70,70,364613.0,0.0,1343789.0,6,2012
136328.0,0.0,534092.0,587499.0,53407.0,201207,MX,0203194090,47,47,70,70,136328.0,0.0,534092.0,7,2012
366098.0,0.0,1267219.0,1272319.0,5100.0,201207,MX,0203294000,47,47,70,70,366098.0,0.0,1267219.0,7,2012
121850.0,0.0,491168.0,540285.0,49117.0,201208,MX,0203194090,47,47,70,70,121850.0,0.0,491168.0,8,2012
681.0,0.0,5900.0,6030.0,130.0,201208,MX,0203292000,47,47,70,70,681.0,0.0,5900.0,8,2012
347287.0,0.0,1188736.0,1195066.0,6330.0,201208,MX,0203294000,47,47,70,70,347287.0,0.0,1188736.0,8,2012
106354.0,0.0,442771.0,485494.0,42723.0,201209,MX,0203194090,47,47,70,70,106354.0,0.0,442771.0,9,2012
382280.0,0.0,1438637.0,1443196.0,4559.0,201209,MX,0203294000,47,47,70,70,382280.0,0.0,1438637.0,9,2012
105316.0,0.0,429744.0,472718.0,42974.0,201210,MX,0203194090,47,47,70,70,105316.0,0.0,429744.0,10,2012
386452.0,0.0,1400637.0,1404572.0,3935.0,201210,MX,0203294000,47,47,70,70,386452.0,0.0,1400637.0,10,2012
69595.0,0.0,295825.0,325409.0,29584.0,201211,MX,0203194090,47,47,70,70,69595.0,0.0,295825.0,11,2012
400548.0,0.0,1588515.0,1592540.0,4025.0,201211,MX,0203294000,47,47,70,70,400548.0,0.0,1588515.0,11,2012
42972.0,0.0,181546.0,199700.0,18154.0,201212,MX,0203194090,47,47,70,70,42972.0,0.0,181546.0,12,2012
419674.0,0.0,1628740.0,1635853.0,7113.0,201212,MX,0203294000,47,47,70,70,419674.0,0.0,1628740.0,12,2012
400932.0,0.0,1512149.0,1541433.0,29284.0,201301,MX,0203294000,47,47,70,70,400932.0,0.0,1512149.0,1,2013
412717.0,0.0,1643956.0,1656593.0,12637.0,201302,MX,0203294000,47,47,70,70,412717.0,0.0,1643956.0,2,2013
390064.0,0.0,1480971.0,1493018.0,12047.0,201303,MX,0203294000,47,47,70,70,390064.0,0.0,1480971.0,3,2013
389297.0,0.0,1465987.0,1483149.0,17162.0,201304,MX,0203294000,47,47,70,70,389297.0,0.0,1465987.0,4,2013
18001.0,0.0,75400.0,75403.0,3.0,201305,MX,0203292000,47,47,70,70,18001.0,0.0,75400.0,5,2013
361472.0,0.0,1454694.0,1478714.0,24020.0,201305,MX,0203294000,47,47,70,70,361472.0,0.0,1454694.0,5,2013
54141.0,0.0,230355.0,230364.0,9.0,201306,MX,0203292000,47,47,70,70,54141.0,0.0,230355.0,6,2013
347333.0,0.0,1320081.0,1335092.0,15011.0,201306,MX,0203294000,47,47,70,70,347333.0,0.0,1320081.0,6,2013
90182.0,0.0,411647.0,411662.0,15.0,201307,MX,0203292000,47,47,70,70,90182.0,0.0,411647.0,7,2013
276778.0,0.0,1053636.0,1056381.0,2745.0,201307,MX,0203294000,47,47,70,70,276778.0,0.0,1053636.0,7,2013
451405.0,0.0,1783675.0,1791411.0,7736.0,201308,MX,0203294000,47,47,70,70,451405.0,0.0,1783675.0,8,2013
448932.0,0.0,1800702.0,1812883.0,12181.0,201309,MX,0203294000,47,47,70,70,448932.0,0.0,1800702.0,9,2013
499179.0,0.0,1922481.0,1925878.0,3397.0,201310,MX,0203294000,47,47,70,70,499179.0,0.0,1922481.0,10,2013
645189.0,0.0,2551731.0,2555726.0,3995.0,201311,MX,0203294000,47,47,70,70,645189.0,0.0,2551731.0,11,2013
765527.0,0.0,2874156.0,2878755.0,4599.0,201312,MX,0203294000,47,47,70,70,765527.0,0.0,2874156.0,12,2013
776545.0,0.0,3126463.0,3131741.0,5278.0,201401,MX,0203294000,47,47,70,70,776545.0,0.0,3126463.0,1,2014
550006.0,0.0,2060533.0,2065927.0,5394.0,201402,MX,0203294000,47,47,70,70,550006.0,0.0,2060533.0,2,2014
474742.0,0.0,1867109.0,1872277.0,5168.0,201403,MX,0203294000,47,47,70,70,474742.0,0.0,1867109.0,3,2014
1847.0,0.0,4175.0,4178.0,3.0,201404,MX,0203229000,47,47,70,70,1847.0,0.0,4175.0,4,2014
434469.0,0.0,1876762.0,1881577.0,4815.0,201404,MX,0203294000,47,47,70,70,434469.0,0.0,1876762.0,4,2014
559130.0,0.0,2607109.0,2612539.0,5430.0,201405,MX,0203294000,47,47,70,70,559130.0,0.0,2607109.0,5,2014
679932.0,0.0,3028333.0,3034516.0,6183.0,201406,MX,0203294000,47,47,70,70,679932.0,0.0,3028333.0,6,2014
601768.0,0.0,2762572.0,2769353.0,6781.0,201407,MX,0203294000,47,47,70,70,601768.0,0.0,2762572.0,7,2014
584868.0,0.0,2567279.0,2574084.0,6805.0,201408,MX,0203294000,47,47,70,70,584868.0,0.0,2567279.0,8,2014
589462.0,0.0,2480463.0,2486193.0,5730.0,201409,MX,0203294000,47,47,70,70,589462.0,0.0,2480463.0,9,2014
718577.0,0.0,2850103.0,2858128.0,8025.0,201410,MX,0203294000,47,47,70,70,718577.0,0.0,2850103.0,10,2014
759846.0,0.0,3052463.0,3060623.0,8160.0,201411,MX,0203294000,47,47,70,70,759846.0,0.0,3052463.0,11,2014
823241.0,0.0,3159027.0,3166601.0,7574.0,201412,MX,0203294000,47,47,70,70,823241.0,0.0,3159027.0,12,2014
704404.0,0.0,2623764.0,2628470.0,4706.0,201501,MX,0203294000,47,47,70,70,704404.0,0.0,2623764.0,1,2015
622603.0,0.0,2394090.0,2398640.0,4550.0,201502,MX,0203294000,47,47,70,70,622603.0,0.0,2394090.0,2,2015
837697.0,0.0,3042342.0,3050842.0,8500.0,201503,MX,0203294000,47,47,70,70,837697.0,0.0,3042342.0,3,2015
644710.0,0.0,2295921.0,2303129.0,7208.0,201504,MX,0203294000,47,47,70,70,644710.0,0.0,2295921.0,4,2015
771236.0,0.0,2792639.0,2801544.0,8905.0,201505,MX,0203294000,47,47,70,70,771236.0,0.0,2792639.0,5,2015
764522.0,0.0,2729147.0,2737547.0,8400.0,201506,MX,0203294000,47,47,70,70,764522.0,0.0,2729147.0,6,2015
618701.0,0.0,2246508.0,2252420.0,5912.0,201507,MX,0203294000,47,47,70,70,618701.0,0.0,2246508.0,7,2015
805105.0,0.0,2888571.0,2898025.0,9454.0,201508,MX,0203294000,47,47,70,70,805105.0,0.0,2888571.0,8,2015
842604.0,0.0,3092317.0,3101317.0,9000.0,201509,MX,0203294000,47,47,70,70,842604.0,0.0,3092317.0,9,2015
915436.0,0.0,3192237.0,3203615.0,11378.0,201510,MX,0203294000,47,47,70,70,915436.0,0.0,3192237.0,10,2015
868325.0,0.0,3125197.0,3141527.0,16330.0,201511,MX,0203294000,47,47,70,70,868325.0,0.0,3125197.0,11,2015
915684.0,0.0,3402968.0,3418388.0,15420.0,201512,MX,0203294000,47,47,70,70,915684.0,0.0,3402968.0,12,2015
721057.0,0.0,2585377.0,2594028.0,8651.0,201601,MX,0203294000,47,47,70,70,721057.0,0.0,2585377.0,1,2016
1158108.0,0.0,4164507.0,4182258.0,17751.0,201602,MX,0203294000,47,47,70,70,1158108.0,0.0,4164507.0,2,2016
897573.0,0.0,3122382.0,3145545.0,23163.0,201603,MX,0203294000,47,47,70,70,897573.0,0.0,3122382.0,3,2016
953750.0,0.0,3480871.0,3505958.0,25087.0,201604,MX,0203294000,47,47,70,70,953750.0,0.0,3480871.0,4,2016
1038233.0,0.0,3712217.0,3751858.0,39641.0,201605,MX,0203294000,47,47,70,70,1038233.0,0.0,3712217.0,5,2016
977360.0,0.0,3571076.0,3597879.0,26803.0,201606,MX,0203294000,47,47,70,70,977360.0,0.0,3571076.0,6,2016
1016315.0,0.0,3529269.0,3586212.0,56943.0,201607,MX,0203294000,47,47,70,70,1016315.0,0.0,3529269.0,7,2016
980538.0,0.0,3509713.0,3537394.0,27681.0,201608,MX,0203294000,47,47,70,70,980538.0,0.0,3509713.0,8,2016
1059866.0,0.0,3734691.0,3756676.0,21985.0,201609,MX,0203294000,47,47,70,70,1059866.0,0.0,3734691.0,9,2016
1122519.0,0.0,3763070.0,3782565.0,19495.0,201610,MX,0203294000,47,47,70,70,1122519.0,0.0,3763070.0,10,2016
1001598.0,0.0,3331466.0,3360816.0,29350.0,201611,MX,0203294000,47,47,70,70,1001598.0,0.0,3331466.0,11,2016
1006097.0,0.0,3183631.0,3200903.0,17272.0,201612,MX,0203294000,47,47,70,70,1006097.0,0.0,3183631.0,12,2016
1125131.0,0.0,3802532.0,3822885.0,20353.0,201701,MX,0203294000,47,47,70,70,1125131.0,0.0,3802532.0,1,2017
1127351.0,0.0,3979826.0,3999379.0,19553.0,201702,MX,0203294000,47,47,70,70,1127351.0,0.0,3979826.0,2,2017
1083846.0,0.0,3868435.0,3887935.0,19500.0,201703,MX,0203294000,47,47,70,70,1083846.0,0.0,3868435.0,3,2017
1207553.0,0.0,4131145.0,4158795.0,27650.0,201704,MX,0203294000,47,47,70,70,1207553.0,0.0,4131145.0,4,2017
962108.0,0.0,3231981.0,3253929.0,21948.0,201705,MX,0203294000,47,47,70,70,962108.0,0.0,3231981.0,5,2017
1088312.0,0.0,3617355.0,3643989.0,26634.0,201706,MX,0203294000,47,47,70,70,1088312.0,0.0,3617355.0,6,2017
1048617.0,0.0,3500220.0,3521219.0,20999.0,201707,MX,0203294000,47,47,70,70,1048617.0,0.0,3500220.0,7,2017
1263166.0,0.0,4121086.0,4143336.0,22250.0,201708,MX,0203294000,47,47,70,70,1263166.0,0.0,4121086.0,8,2017
1317620.0,0.0,4716282.0,4738441.0,22159.0,201709,MX,0203294000,47,47,70,70,1317620.0,0.0,4716282.0,9,2017
1475881.0,0.0,5261110.0,5287884.0,26774.0,201710,MX,0203294000,47,47,70,70,1475881.0,0.0,5261110.0,10,2017
1584048.0,0.0,5535296.0,5562046.0,26750.0,201711,MX,0203294000,47,47,70,70,1584048.0,0.0,5535296.0,11,2017
1492851.0,0.0,5443909.0,5471236.0,27327.0,201712,MX,0203294000,47,47,70,70,1492851.0,0.0,5443909.0,12,2017
1804572.0,0.0,6309755.0,6341965.0,32210.0,201801,MX,0203294000,47,47,70,70,1804572.0,0.0,6309755.0,1,2018
1500829.0,0.0,5279825.0,5305379.0,25554.0,201802,MX,0203294000,47,47,70,70,1500829.0,0.0,5279825.0,2,2018
1657471.0,0.0,5789394.0,5820383.0,30989.0,201803,MX,0203294000,47,47,70,70,1657471.0,0.0,5789394.0,3,2018
1430520.0,0.0,4809361.0,4835761.0,26400.0,201804,MX,0203294000,47,47,70,70,1430520.0,0.0,4809361.0,4,2018
1473025.0,0.0,5092545.0,5118608.0,26063.0,201805,MX,0203294000,47,47,70,70,1473025.0,0.0,5092545.0,5,2018
9871.0,0.0,22704.0,22784.0,80.0,201806,MX,0203194090,47,47,70,70,9871.0,0.0,22704.0,6,2018
1319809.0,0.0,4245758.0,4267267.0,21509.0,201806,MX,0203294000,47,47,70,70,1319809.0,0.0,4245758.0,6,2018
114750.0,0.0,274518.0,275846.0,1328.0,201807,MX,0203194090,47,47,70,70,114750.0,0.0,274518.0,7,2018
1181858.0,0.0,3961416.0,3982371.0,20955.0,201807,MX,0203294000,47,47,70,70,1181858.0,0.0,3961416.0,7,2018
259319.0,0.0,608710.0,612021.0,3311.0,201808,MX,0203194090,47,47,70,70,259319.0,0.0,608710.0,8,2018
1350686.0,0.0,4669505.0,4693146.0,23641.0,201808,MX,0203294000,47,47,70,70,1350686.0,0.0,4669505.0,8,2018
256750.0,0.0,594371.0,596789.0,2418.0,201809,MX,0203194090,47,47,70,70,256750.0,0.0,594371.0,9,2018
1334761.0,0.0,4554084.0,4579233.0,25149.0,201809,MX,0203294000,47,47,70,70,1334761.0,0.0,4554084.0,9,2018
61312.0,0.0,246776.0,248134.0,1358.0,201810,MX,0203194010,47,47,70,70,61312.0,0.0,246776.0,10,2018
107795.0,0.0,249467.0,250458.0,991.0,201810,MX,0203194090,47,47,70,70,107795.0,0.0,249467.0,10,2018
1947523.0,0.0,6222909.0,6261409.0,38500.0,201810,MX,0203294000,47,47,70,70,1947523.0,0.0,6222909.0,10,2018
63825.0,0.0,256065.0,256769.0,704.0,201811,MX,0203194010,47,47,70,70,63825.0,0.0,256065.0,11,2018
33028.0,0.0,87869.0,88108.0,239.0,201811,MX,0203194090,47,47,70,70,33028.0,0.0,87869.0,11,2018
1383015.0,0.0,4687456.0,4707077.0,19621.0,201811,MX,0203294000,47,47,70,70,1383015.0,0.0,4687456.0,11,2018
32779.0,0.0,139283.0,139736.0,453.0,201812,MX,0203194010,47,47,70,70,32779.0,0.0,139283.0,12,2018
75734.0,0.0,178280.0,178941.0,661.0,201812,MX,0203194090,47,47,70,70,75734.0,0.0,178280.0,12,2018
1809353.0,0.0,6212290.0,6247895.0,35605.0,201812,MX,0203294000,47,47,70,70,1809353.0,0.0,6212290.0,12,2018
41369.0,0.0,164242.0,164932.0,690.0,201901,MX,0203194010,47,47,70,70,41369.0,0.0,164242.0,1,2019
54897.0,0.0,137922.0,138316.0,394.0,201901,MX,0203194090,47,47,70,70,54897.0,0.0,137922.0,1,2019
1839571.0,0.0,5898084.0,5924423.0,26339.0,201901,MX,0203294000,47,47,70,70,1839571.0,0.0,5898084.0,1,2019
52367.0,0.0,204154.0,204972.0,818.0,201902,MX,0203194010,47,47,70,70,52367.0,0.0,204154.0,2,2019
44811.0,0.0,103020.0,103326.0,306.0,201902,MX,0203194090,47,47,70,70,44811.0,0.0,103020.0,2,2019
1901655.0,0.0,5868304.0,5891878.0,23574.0,201902,MX,0203294000,47,47,70,70,1901655.0,0.0,5868304.0,2,2019
38803.0,0.0,158065.0,158435.0,370.0,201903,MX,0203194010,47,47,70,70,38803.0,0.0,158065.0,3,2019
73583.0,0.0,170104.0,170351.0,247.0,201903,MX,0203194090,47,47,70,70,73583.0,0.0,170104.0,3,2019
1803209.0,0.0,5692799.0,5804873.0,112074.0,201903,MX,0203294000,47,47,70,70,1803209.0,0.0,5692799.0,3,2019
48456.0,0.0,193543.0,194420.0,877.0,201904,MX,0203194010,47,47,70,70,48456.0,0.0,193543.0,4,2019
60182.0,0.0,139241.0,139458.0,217.0,201904,MX,0203194090,47,47,70,70,60182.0,0.0,139241.0,4,2019
1693471.0,0.0,5118943.0,5222379.0,103436.0,201904,MX,0203294000,47,47,70,70,1693471.0,0.0,5118943.0,4,2019
27876.0,0.0,121142.0,121776.0,634.0,201905,MX,0203194010,47,47,70,70,27876.0,0.0,121142.0,5,2019
64297.0,0.0,154582.0,154955.0,373.0,201905,MX,0203194090,47,47,70,70,64297.0,0.0,154582.0,5,2019
1856279.0,0.0,6000699.0,6113499.0,112800.0,201905,MX,0203294000,47,47,70,70,1856279.0,0.0,6000699.0,5,2019
60636.0,0.0,250573.0,251975.0,1402.0,201906,MX,0203194010,47,47,70,70,60636.0,0.0,250573.0,6,2019
69030.0,0.0,167700.0,167871.0,171.0,201906,MX,0203194090,47,47,70,70,69030.0,0.0,167700.0,6,2019
1456918.0,0.0,4921948.0,4988258.0,66310.0,201906,MX,0203294000,47,47,70,70,1456918.0,0.0,4921948.0,6,2019
45597.0,0.0,190194.0,190804.0,610.0,201907,MX,0203194010,47,47,70,70,45597.0,0.0,190194.0,7,2019
91081.0,0.0,211448.0,211927.0,479.0,201907,MX,0203194090,47,47,70,70,91081.0,0.0,211448.0,7,2019
1034384.0,0.0,3459930.0,3507375.0,47445.0,201907,MX,0203294000,47,47,70,70,1034384.0,0.0,3459930.0,7,2019
32948.0,0.0,157313.0,157891.0,578.0,201908,MX,0203194010,47,47,70,70,32948.0,0.0,157313.0,8,2019
85905.0,0.0,195573.0,196284.0,711.0,201908,MX,0203194090,47,47,70,70,85905.0,0.0,195573.0,8,2019
948806.0,0.0,3125890.0,3149464.0,23574.0,201908,MX,0203294000,47,47,70,70,948806.0,0.0,3125890.0,8,2019
30308.0,0.0,125514.0,126230.0,716.0,201909,MX,0203194010,47,47,70,70,30308.0,0.0,125514.0,9,2019
107748.0,0.0,257891.0,258652.0,761.0,201909,MX,0203194090,47,47,70,70,107748.0,0.0,257891.0,9,2019
1238876.0,0.0,4406088.0,4426796.0,20708.0,201909,MX,0203294000,47,47,70,70,1238876.0,0.0,4406088.0,9,2019
43501.0,0.0,186231.0,187551.0,1320.0,201910,MX,0203194010,47,47,70,70,43501.0,0.0,186231.0,10,2019
73392.0,0.0,163950.0,164350.0,400.0,201910,MX,0203194090,47,47,70,70,73392.0,0.0,163950.0,10,2019
4152.0,0.0,5025.0,5139.0,114.0,201910,MX,0203229000,47,47,70,70,4152.0,0.0,5025.0,10,2019
1404447.0,0.0,5097766.0,5119767.0,22001.0,201910,MX,0203294000,47,47,70,70,1404447.0,0.0,5097766.0,10,2019
52260.0,0.0,227583.0,230005.0,2422.0,201911,MX,0203194010,47,47,70,70,52260.0,0.0,227583.0,11,2019
46543.0,0.0,104513.0,105358.0,845.0,201911,MX,0203194090,47,47,70,70,46543.0,0.0,104513.0,11,2019
18749.0,0.0,45821.0,45842.0,21.0,201911,MX,0203229000,47,47,70,70,18749.0,0.0,45821.0,11,2019
1204234.0,0.0,4288342.0,4314648.0,26306.0,201911,MX,0203294000,47,47,70,70,1204234.0,0.0,4288342.0,11,2019
49588.0,0.0,218679.0,219704.0,1025.0,201912,MX,0203194010,47,47,70,70,49588.0,0.0,218679.0,12,2019
97919.0,0.0,220202.0,220476.0,274.0,201912,MX,0203194090,47,47,70,70,97919.0,0.0,220202.0,12,2019
4983.0,0.0,6022.0,6034.0,12.0,201912,MX,0203229000,47,47,70,70,4983.0,0.0,6022.0,12,2019
1389090.0,0.0,5380000.0,5406502.0,26502.0,201912,MX,0203294000,47,47,70,70,1389090.0,0.0,5380000.0,12,2019
117398.0,0.0,575541.0,579513.0,3972.0,202001,MX,0203194010,47,47,70,70,117398.0,0.0,575541.0,1,2020
129200.0,0.0,301181.0,302813.0,1632.0,202001,MX,0203194090,47,47,70,70,129200.0,0.0,301181.0,1,2020
1450927.0,0.0,5528558.0,5560400.0,31842.0,202001,MX,0203294000,47,47,70,70,1450927.0,0.0,5528558.0,1,2020
61147.0,0.0,276380.0,278036.0,1656.0,202002,MX,0203194010,47,47,70,70,61147.0,0.0,276380.0,2,2020
64549.0,0.0,160849.0,161464.0,615.0,202002,MX,0203194090,47,47,70,70,64549.0,0.0,160849.0,2,2020
1461624.0,0.0,5491444.0,5516780.0,25336.0,202002,MX,0203294000,47,47,70,70,1461624.0,0.0,5491444.0,2,2020
53358.0,0.0,229748.0,230803.0,1055.0,202003,MX,0203194010,47,47,70,70,53358.0,0.0,229748.0,3,2020
134279.0,0.0,309001.0,309557.0,556.0,202003,MX,0203194090,47,47,70,70,134279.0,0.0,309001.0,3,2020
1430847.0,0.0,5401604.0,5425786.0,24182.0,202003,MX,0203294000,47,47,70,70,1430847.0,0.0,5401604.0,3,2020
42347.0,0.0,188030.0,188823.0,793.0,202004,MX,0203194010,47,47,70,70,42347.0,0.0,188030.0,4,2020
109905.0,0.0,262372.0,262827.0,455.0,202004,MX,0203194090,47,47,70,70,109905.0,0.0,262372.0,4,2020
1049553.0,0.0,3974752.0,3988945.0,14193.0,202004,MX,0203294000,47,47,70,70,1049553.0,0.0,3974752.0,4,2020
20620.0,0.0,88772.0,89584.0,812.0,202005,MX,0203194010,47,47,70,70,20620.0,0.0,88772.0,5,2020
110769.0,0.0,271054.0,271848.0,794.0,202005,MX,0203194090,47,47,70,70,110769.0,0.0,271054.0,5,2020
5552.0,0.0,15089.0,15104.0,15.0,202005,MX,0203229000,47,47,70,70,5552.0,0.0,15089.0,5,2020
18350.0,0.0,38590.0,40090.0,1500.0,202005,MX,0203292000,47,47,70,70,18350.0,0.0,38590.0,5,2020
1282514.0,0.0,4418780.0,4437914.0,19134.0,202005,MX,0203294000,47,47,70,70,1282514.0,0.0,4418780.0,5,2020
56588.0,0.0,135679.0,140179.0,4500.0,202006,MX,0203192090,47,47,70,70,56588.0,0.0,135679.0,6,2020
5648.0,0.0,33482.0,33497.0,15.0,202006,MX,0203194010,47,47,70,70,5648.0,0.0,33482.0,6,2020
367540.0,0.0,807325.0,813339.0,6014.0,202006,MX,0203194090,47,47,70,70,367540.0,0.0,807325.0,6,2020
715.0,0.0,2082.0,2085.0,3.0,202006,MX,0203229000,47,47,70,70,715.0,0.0,2082.0,6,2020
283866.0,0.0,615951.0,638451.0,22500.0,202006,MX,0203292000,47,47,70,70,283866.0,0.0,615951.0,6,2020
1800226.0,0.0,5846382.0,5885576.0,39194.0,202006,MX,0203294000,47,47,70,70,1800226.0,0.0,5846382.0,6,2020
31081.0,0.0,158553.0,158874.0,321.0,202007,MX,0203194010,47,47,70,70,31081.0,0.0,158553.0,7,2020
363236.0,0.0,794494.0,798151.0,3657.0,202007,MX,0203194090,47,47,70,70,363236.0,0.0,794494.0,7,2020
3747.0,0.0,10904.0,10907.0,3.0,202007,MX,0203229000,47,47,70,70,3747.0,0.0,10904.0,7,2020
346500.0,0.0,894257.0,920857.0,26600.0,202007,MX,0203292000,47,47,70,70,346500.0,0.0,894257.0,7,2020
1777863.0,0.0,5982414.0,6034823.0,52409.0,202007,MX,0203294000,47,47,70,70,1777863.0,0.0,5982414.0,7,2020
211425.0,0.0,461150.0,477650.0,16500.0,202008,MX,0203192090,47,47,70,70,211425.0,0.0,461150.0,8,2020
11630.0,0.0,56638.0,56656.0,18.0,202008,MX,0203194010,47,47,70,70,11630.0,0.0,56638.0,8,2020
314469.0,0.0,700138.0,702788.0,2650.0,202008,MX,0203194090,47,47,70,70,314469.0,0.0,700138.0,8,2020
1258.0,0.0,2491.0,2494.0,3.0,202008,MX,0203229000,47,47,70,70,1258.0,0.0,2491.0,8,2020
460347.0,0.0,1131350.0,1167050.0,35700.0,202008,MX,0203292000,47,47,70,70,460347.0,0.0,1131350.0,8,2020
1963545.0,0.0,7238540.0,7271927.0,33387.0,202008,MX,0203294000,47,47,70,70,1963545.0,0.0,7238540.0,8,2020
11700.0,0.0,11211.0,11386.0,175.0,202009,MX,0203129010,47,47,70,70,11700.0,0.0,11211.0,9,2020
755707.0,0.0,2300994.0,2349497.0,48503.0,202009,MX,0203192090,47,47,70,70,755707.0,0.0,2300994.0,9,2020
31207.0,0.0,164718.0,165033.0,315.0,202009,MX,0203194010,47,47,70,70,31207.0,0.0,164718.0,9,2020
446466.0,0.0,980416.0,984174.0,3758.0,202009,MX,0203194090,47,47,70,70,446466.0,0.0,980416.0,9,2020
16910.0,0.0,11160.0,11166.0,6.0,202009,MX,0203229000,47,47,70,70,16910.0,0.0,11160.0,9,2020
37547.0,0.0,119864.0,122864.0,3000.0,202009,MX,0203292000,47,47,70,70,37547.0,0.0,119864.0,9,2020
1986290.0,0.0,7296691.0,7349360.0,52669.0,202009,MX,0203294000,47,47,70,70,1986290.0,0.0,7296691.0,9,2020
210915.0,0.0,558288.0,562488.0,4200.0,202010,MX,0203129010,47,47,70,70,210915.0,0.0,558288.0,10,2020
1603.0,0.0,3176.0,3195.0,19.0,202010,MX,0203129020,47,47,70,70,1603.0,0.0,3176.0,10,2020
1094357.0,0.0,3713634.0,3774233.0,60599.0,202010,MX,0203192090,47,47,70,70,1094357.0,0.0,3713634.0,10,2020
17833.0,0.0,82366.0,82381.0,15.0,202010,MX,0203194010,47,47,70,70,17833.0,0.0,82366.0,10,2020
595281.0,0.0,1309988.0,1315971.0,5983.0,202010,MX,0203194090,47,47,70,70,595281.0,0.0,1309988.0,10,2020
10071.0,0.0,9636.0,9645.0,9.0,202010,MX,0203229000,47,47,70,70,10071.0,0.0,9636.0,10,2020
1915259.0,0.0,7140704.0,7187996.0,47292.0,202010,MX,0203294000,47,47,70,70,1915259.0,0.0,7140704.0,10,2020
3634.0,0.0,7997.0,8041.0,44.0,202011,MX,0203129020,47,47,70,70,3634.0,0.0,7997.0,11,2020
723276.0,0.0,2810770.0,2856271.0,45501.0,202011,MX,0203192090,47,47,70,70,723276.0,0.0,2810770.0,11,2020
28982.0,0.0,158543.0,158852.0,309.0,202011,MX,0203194010,47,47,70,70,28982.0,0.0,158543.0,11,2020
561410.0,0.0,1191963.0,1198325.0,6362.0,202011,MX,0203194090,47,47,70,70,561410.0,0.0,1191963.0,11,2020
13610.0,0.0,11957.0,11963.0,6.0,202011,MX,0203229000,47,47,70,70,13610.0,0.0,11957.0,11,2020
1515631.0,0.0,5599238.0,5652948.0,53710.0,202011,MX,0203294000,47,47,70,70,1515631.0,0.0,5599238.0,11,2020
648923.0,0.0,2366054.0,2409004.0,42950.0,202012,MX,0203192090,47,47,70,70,648923.0,0.0,2366054.0,12,2020
157257.0,0.0,821560.0,823975.0,2415.0,202012,MX,0203194010,47,47,70,70,157257.0,0.0,821560.0,12,2020
813617.0,0.0,1829918.0,1834718.0,4800.0,202012,MX,0203194090,47,47,70,70,813617.0,0.0,1829918.0,12,2020
25023.0,0.0,33335.0,33396.0,61.0,202012,MX,0203229000,47,47,70,70,25023.0,0.0,33335.0,12,2020
84953.0,0.0,145590.0,149490.0,3900.0,202012,MX,0203292000,47,47,70,70,84953.0,0.0,145590.0,12,2020
1530592.0,0.0,5745426.0,5783925.0,38499.0,202012,MX,0203294000,47,47,70,70,1530592.0,0.0,5745426.0,12,2020
775965.0,0.0,2463069.0,2513069.0,50000.0,202101,MX,0203192090,47,47,70,70,775965.0,0.0,2463069.0,1,2021
75502.0,0.0,409813.0,410731.0,918.0,202101,MX,0203194010,47,47,70,70,75502.0,0.0,409813.0,1,2021
506623.0,0.0,1153436.0,1156386.0,2950.0,202101,MX,0203194090,47,47,70,70,506623.0,0.0,1153436.0,1,2021
15753.0,0.0,34025.0,34476.0,451.0,202101,MX,0203229000,47,47,70,70,15753.0,0.0,34025.0,1,2021
89969.0,0.0,198663.0,202563.0,3900.0,202101,MX,0203292000,47,47,70,70,89969.0,0.0,198663.0,1,2021
1173115.0,0.0,4688836.0,4716488.0,27652.0,202101,MX,0203294000,47,47,70,70,1173115.0,0.0,4688836.0,1,2021
532790.0,0.0,1749741.0,1784841.0,35100.0,202102,MX,0203192090,47,47,70,70,532790.0,0.0,1749741.0,2,2021
11738.0,0.0,57164.0,57176.0,12.0,202102,MX,0203194010,47,47,70,70,11738.0,0.0,57164.0,2,2021
503404.0,0.0,1061740.0,1065215.0,3475.0,202102,MX,0203194090,47,47,70,70,503404.0,0.0,1061740.0,2,2021
14341.0,0.0,17086.0,17301.0,215.0,202102,MX,0203229000,47,47,70,70,14341.0,0.0,17086.0,2,2021
95965.0,0.0,171775.0,175675.0,3900.0,202102,MX,0203292000,47,47,70,70,95965.0,0.0,171775.0,2,2021
1339054.0,0.0,5323592.0,5353796.0,30204.0,202102,MX,0203294000,47,47,70,70,1339054.0,0.0,5323592.0,2,2021
687064.0,0.0,2348839.0,2402539.0,53700.0,202103,MX,0203192090,47,47,70,70,687064.0,0.0,2348839.0,3,2021
128103.0,0.0,692343.0,694164.0,1821.0,202103,MX,0203194010,47,47,70,70,128103.0,0.0,692343.0,3,2021
407152.0,0.0,908870.0,911027.0,2157.0,202103,MX,0203194090,47,47,70,70,407152.0,0.0,908870.0,3,2021
12322.0,0.0,12520.0,12542.0,22.0,202103,MX,0203229000,47,47,70,70,12322.0,0.0,12520.0,3,2021
144009.0,0.0,399447.0,405497.0,6050.0,202103,MX,0203292000,47,47,70,70,144009.0,0.0,399447.0,3,2021
1378922.0,0.0,5414601.0,5435195.0,20594.0,202103,MX,0203294000,47,47,70,70,1378922.0,0.0,5414601.0,3,2021
228380.0,0.0,800392.0,818392.0,18000.0,202104,MX,0203192090,47,47,70,70,228380.0,0.0,800392.0,4,2021
103126.0,0.0,613454.0,614972.0,1518.0,202104,MX,0203194010,47,47,70,70,103126.0,0.0,613454.0,4,2021
414043.0,0.0,902645.0,905481.0,2836.0,202104,MX,0203194090,47,47,70,70,414043.0,0.0,902645.0,4,2021
19854.0,0.0,17156.0,17340.0,184.0,202104,MX,0203229000,47,47,70,70,19854.0,0.0,17156.0,4,2021
49697.0,0.0,144386.0,145986.0,1600.0,202104,MX,0203292000,47,47,70,70,49697.0,0.0,144386.0,4,2021
1509557.0,0.0,6593226.0,6628453.0,35227.0,202104,MX,0203294000,47,47,70,70,1509557.0,0.0,6593226.0,4,2021
172210.0,0.0,657435.0,670935.0,13500.0,202105,MX,0203192090,47,47,70,70,172210.0,0.0,657435.0,5,2021
136663.0,0.0,809714.0,811829.0,2115.0,202105,MX,0203194010,47,47,70,70,136663.0,0.0,809714.0,5,2021
433955.0,0.0,954089.0,956024.0,1935.0,202105,MX,0203194090,47,47,70,70,433955.0,0.0,954089.0,5,2021
12234.0,0.0,10533.0,10612.0,79.0,202105,MX,0203229000,47,47,70,70,12234.0,0.0,10533.0,5,2021
91961.0,0.0,365458.0,368487.0,3029.0,202105,MX,0203292000,47,47,70,70,91961.0,0.0,365458.0,5,2021
1252901.0,0.0,5717277.0,5745982.0,28705.0,202105,MX,0203294000,47,47,70,70,1252901.0,0.0,5717277.0,5,2021
305011.0,0.0,1046873.0,1070873.0,24000.0,202106,MX,0203192090,47,47,70,70,305011.0,0.0,1046873.0,6,2021
205906.0,0.0,1316866.0,1320190.0,3324.0,202106,MX,0203194010,47,47,70,70,205906.0,0.0,1316866.0,6,2021
256932.0,0.0,559863.0,561262.0,1399.0,202106,MX,0203194090,47,47,70,70,256932.0,0.0,559863.0,6,2021
10678.0,0.0,9134.0,9140.0,6.0,202106,MX,0203229000,47,47,70,70,10678.0,0.0,9134.0,6,2021
231595.0,0.0,723465.0,728030.0,4565.0,202106,MX,0203292000,47,47,70,70,231595.0,0.0,723465.0,6,2021
1676003.0,0.0,7851198.0,7893452.0,42254.0,202106,MX,0203294000,47,47,70,70,1676003.0,0.0,7851198.0,6,2021
1573.0,0.0,3796.0,3814.0,18.0,202107,MX,0203129020,47,47,70,70,1573.0,0.0,3796.0,7,2021
421002.0,0.0,1599927.0,1632228.0,32301.0,202107,MX,0203192090,47,47,70,70,421002.0,0.0,1599927.0,7,2021
80966.0,0.0,509535.0,510753.0,1218.0,202107,MX,0203194010,47,47,70,70,80966.0,0.0,509535.0,7,2021
214058.0,0.0,437502.0,438910.0,1408.0,202107,MX,0203194090,47,47,70,70,214058.0,0.0,437502.0,7,2021
21411.0,0.0,26094.0,26118.0,24.0,202107,MX,0203229000,47,47,70,70,21411.0,0.0,26094.0,7,2021
116068.0,0.0,499671.0,503602.0,3931.0,202107,MX,0203292000,47,47,70,70,116068.0,0.0,499671.0,7,2021
1695774.0,0.0,7882026.0,7933368.0,51342.0,202107,MX,0203294000,47,47,70,70,1695774.0,0.0,7882026.0,7,2021
567754.0,0.0,1823744.0,1855044.0,31300.0,202108,MX,0203192090,47,47,70,70,567754.0,0.0,1823744.0,8,2021
116599.0,0.0,748305.0,750129.0,1824.0,202108,MX,0203194010,47,47,70,70,116599.0,0.0,748305.0,8,2021
292000.0,0.0,640282.0,641986.0,1704.0,202108,MX,0203194090,47,47,70,70,292000.0,0.0,640282.0,8,2021
20350.0,0.0,23408.0,23441.0,33.0,202108,MX,0203229000,47,47,70,70,20350.0,0.0,23408.0,8,2021
93764.0,0.0,347691.0,351110.0,3419.0,202108,MX,0203292000,47,47,70,70,93764.0,0.0,347691.0,8,2021
2024686.0,0.0,9115749.0,9171260.0,55511.0,202108,MX,0203294000,47,47,70,70,2024686.0,0.0,9115749.0,8,2021
54306.0,0.0,149342.0,151442.0,2100.0,202109,MX,0203121010,47,47,70,70,54306.0,0.0,149342.0,9,2021
1126594.0,0.0,3443642.0,3493045.0,49403.0,202109,MX,0203192090,47,47,70,70,1126594.0,0.0,3443642.0,9,2021
118095.0,0.0,724218.0,726042.0,1824.0,202109,MX,0203194010,47,47,70,70,118095.0,0.0,724218.0,9,2021
604300.0,0.0,1311460.0,1314286.0,2826.0,202109,MX,0203194090,47,47,70,70,604300.0,0.0,1311460.0,9,2021
24927.0,0.0,25849.0,26054.0,205.0,202109,MX,0203229000,47,47,70,70,24927.0,0.0,25849.0,9,2021
94810.0,0.0,207739.0,211829.0,4090.0,202109,MX,0203292000,47,47,70,70,94810.0,0.0,207739.0,9,2021
2001868.0,0.0,9263978.0,9318488.0,54510.0,202109,MX,0203294000,47,47,70,70,2001868.0,0.0,9263978.0,9,2021
18476.0,0.0,50808.0,51508.0,700.0,202110,MX,0203121010,47,47,70,70,18476.0,0.0,50808.0,10,2021
1582386.0,0.0,5453515.0,5525568.0,72053.0,202110,MX,0203192090,47,47,70,70,1582386.0,0.0,5453515.0,10,2021
108189.0,0.0,649145.0,650675.0,1530.0,202110,MX,0203194010,47,47,70,70,108189.0,0.0,649145.0,10,2021
680501.0,0.0,1509589.0,1513118.0,3529.0,202110,MX,0203194090,47,47,70,70,680501.0,0.0,1509589.0,10,2021
136033.0,0.0,319219.0,319733.0,514.0,202110,MX,0203229000,47,47,70,70,136033.0,0.0,319219.0,10,2021
29141.0,0.0,74210.0,74382.0,172.0,202110,MX,0203292000,47,47,70,70,29141.0,0.0,74210.0,10,2021
2135825.0,0.0,10495772.0,10536232.0,40460.0,202110,MX,0203294000,47,47,70,70,2135825.0,0.0,10495772.0,10,2021
1579295.0,0.0,5447544.0,5515501.0,67957.0,202111,MX,0203192090,47,47,70,70,1579295.0,0.0,5447544.0,11,2021
113273.0,0.0,653046.0,654573.0,1527.0,202111,MX,0203194010,47,47,70,70,113273.0,0.0,653046.0,11,2021
660671.0,0.0,1443127.0,1446166.0,3039.0,202111,MX,0203194090,47,47,70,70,660671.0,0.0,1443127.0,11,2021
186561.0,0.0,717489.0,718704.0,1215.0,202111,MX,0203229000,47,47,70,70,186561.0,0.0,717489.0,11,2021
39213.0,0.0,112362.0,113384.0,1022.0,202111,MX,0203292000,47,47,70,70,39213.0,0.0,112362.0,11,2021
1848174.0,0.0,8683956.0,8716349.0,32393.0,202111,MX,0203294000,47,47,70,70,1848174.0,0.0,8683956.0,11,2021
1315603.0,0.0,4378873.0,4438250.0,59377.0,202112,MX,0203192090,47,47,70,70,1315603.0,0.0,4378873.0,12,2021
74320.0,0.0,442300.0,443218.0,918.0,202112,MX,0203194010,47,47,70,70,74320.0,0.0,442300.0,12,2021
864995.0,0.0,1905999.0,1909627.0,3628.0,202112,MX,0203194090,47,47,70,70,864995.0,0.0,1905999.0,12,2021
86561.0,0.0,341075.0,341454.0,379.0,202112,MX,0203229000,47,47,70,70,86561.0,0.0,341075.0,12,2021
17986.0,0.0,103056.0,103956.0,900.0,202112,MX,0203292000,47,47,70,70,17986.0,0.0,103056.0,12,2021
1864460.0,0.0,9077749.0,9105568.0,27819.0,202112,MX,0203294000,47,47,70,70,1864460.0,0.0,9077749.0,12,2021
1135810.0,0.0,3647976.0,3705326.0,57350.0,202201,MX,0203192090,47,47,70,70,1135810.0,0.0,3647976.0,1,2022
100203.0,0.0,604355.0,605594.0,1239.0,202201,MX,0203194010,47,47,70,70,100203.0,0.0,604355.0,1,2022
503476.0,0.0,1102100.0,1103995.0,1895.0,202201,MX,0203194090,47,47,70,70,503476.0,0.0,1102100.0,1,2022
71466.0,0.0,77470.0,77764.0,294.0,202201,MX,0203229000,47,47,70,70,71466.0,0.0,77470.0,1,2022
32706.0,0.0,155231.0,157104.0,1873.0,202201,MX,0203292000,47,47,70,70,32706.0,0.0,155231.0,1,2022
1660505.0,0.0,7886712.0,7902982.0,16270.0,202201,MX,0203294000,47,47,70,70,1660505.0,0.0,7886712.0,1,2022
1146094.0,0.0,3847372.0,3894510.0,47138.0,202202,MX,0203192090,47,47,70,70,1146094.0,0.0,3847372.0,2,2022
44646.0,0.0,275266.0,275846.0,580.0,202202,MX,0203194010,47,47,70,70,44646.0,0.0,275266.0,2,2022
644859.0,0.0,1389843.0,1392365.0,2522.0,202202,MX,0203194090,47,47,70,70,644859.0,0.0,1389843.0,2,2022
51868.0,0.0,73016.0,73215.0,199.0,202202,MX,0203229000,47,47,70,70,51868.0,0.0,73016.0,2,2022
22992.0,0.0,129702.0,131803.0,2101.0,202202,MX,0203292000,47,47,70,70,22992.0,0.0,129702.0,2,2022
1915677.0,0.0,9111451.0,9131382.0,19931.0,202202,MX,0203294000,47,47,70,70,1915677.0,0.0,9111451.0,2,2022
1495128.0,0.0,5346554.0,5422004.0,75450.0,202203,MX,0203192090,47,47,70,70,1495128.0,0.0,5346554.0,3,2022
61707.0,0.0,384174.0,384540.0,366.0,202203,MX,0203194010,47,47,70,70,61707.0,0.0,384174.0,3,2022
645299.0,0.0,1377304.0,1380150.0,2846.0,202203,MX,0203194090,47,47,70,70,645299.0,0.0,1377304.0,3,2022
71543.0,0.0,100124.0,100234.0,110.0,202203,MX,0203229000,47,47,70,70,71543.0,0.0,100124.0,3,2022
53710.0,0.0,306921.0,309921.0,3000.0,202203,MX,0203292000,47,47,70,70,53710.0,0.0,306921.0,3,2022
2125804.0,0.0,9867285.0,9890650.0,23365.0,202203,MX,0203294000,47,47,70,70,2125804.0,0.0,9867285.0,3,2022
933565.0,0.0,3227982.0,3283932.0,55950.0,202204,MX,0203192090,47,47,70,70,933565.0,0.0,3227982.0,4,2022
175113.0,0.0,1042813.0,1044899.0,2086.0,202204,MX,0203194010,47,47,70,70,175113.0,0.0,1042813.0,4,2022
293564.0,0.0,678060.0,679443.0,1383.0,202204,MX,0203194090,47,47,70,70,293564.0,0.0,678060.0,4,2022
27626.0,0.0,97343.0,97475.0,132.0,202204,MX,0203229000,47,47,70,70,27626.0,0.0,97343.0,4,2022
17463.0,0.0,106714.0,107714.0,1000.0,202204,MX,0203292000,47,47,70,70,17463.0,0.0,106714.0,4,2022
2226568.0,0.0,11025614.0,11053743.0,28129.0,202204,MX,0203294000,47,47,70,70,2226568.0,0.0,11025614.0,4,2022
1045734.0,0.0,3289605.0,3367505.0,77900.0,202205,MX,0203192090,47,47,70,70,1045734.0,0.0,3289605.0,5,2022
137612.0,0.0,845262.0,846816.0,1554.0,202205,MX,0203194010,47,47,70,70,137612.0,0.0,845262.0,5,2022
416170.0,0.0,922432.0,924284.0,1852.0,202205,MX,0203194090,47,47,70,70,416170.0,0.0,922432.0,5,2022
72656.0,0.0,108789.0,109068.0,279.0,202205,MX,0203229000,47,47,70,70,72656.0,0.0,108789.0,5,2022
92375.0,0.0,198510.0,206010.0,7500.0,202205,MX,0203292000,47,47,70,70,92375.0,0.0,198510.0,5,2022
2022428.0,0.0,9792986.0,9818709.0,25723.0,202205,MX,0203294000,47,47,70,70,2022428.0,0.0,9792986.0,5,2022
687010.0,0.0,2205480.0,2255208.0,49728.0,202206,MX,0203192090,47,47,70,70,687010.0,0.0,2205480.0,6,2022
191856.0,0.0,1142257.0,1144702.0,2445.0,202206,MX,0203194010,47,47,70,70,191856.0,0.0,1142257.0,6,2022
482281.0,0.0,1028824.0,1031160.0,2336.0,202206,MX,0203194090,47,47,70,70,482281.0,0.0,1028824.0,6,2022
46613.0,0.0,69319.0,69526.0,207.0,202206,MX,0203229000,47,47,70,70,46613.0,0.0,69319.0,6,2022
17516.0,0.0,37138.0,38638.0,1500.0,202206,MX,0203292000,47,47,70,70,17516.0,0.0,37138.0,6,2022
1674209.0,0.0,8024662.0,8046459.0,21797.0,202206,MX,0203294000,47,47,70,70,1674209.0,0.0,8024662.0,6,2022
460965.0,0.0,1495809.0,1532151.0,36342.0,202207,MX,0203192090,47,47,70,70,460965.0,0.0,1495809.0,7,2022
107216.0,0.0,639969.0,641016.0,1047.0,202207,MX,0203194010,47,47,70,70,107216.0,0.0,639969.0,7,2022
480388.0,0.0,1062487.0,1064683.0,2196.0,202207,MX,0203194090,47,47,70,70,480388.0,0.0,1062487.0,7,2022
51993.0,0.0,136975.0,137150.0,175.0,202207,MX,0203229000,47,47,70,70,51993.0,0.0,136975.0,7,2022
98043.0,0.0,189430.0,197039.0,7609.0,202207,MX,0203292000,47,47,70,70,98043.0,0.0,189430.0,7,2022
1554024.0,0.0,6762876.0,6789922.0,27046.0,202207,MX,0203294000,47,47,70,70,1554024.0,0.0,6762876.0,7,2022
280582.0,0.0,1041935.0,1064436.0,22501.0,202208,MX,0203192090,47,47,70,70,280582.0,0.0,1041935.0,8,2022
66998.0,0.0,421143.0,421535.0,392.0,202208,MX,0203194010,47,47,70,70,66998.0,0.0,421143.0,8,2022
598794.0,0.0,1330132.0,1332604.0,2472.0,202208,MX,0203194090,47,47,70,70,598794.0,0.0,1330132.0,8,2022
23142.0,0.0,32424.0,32491.0,67.0,202208,MX,0203229000,47,47,70,70,23142.0,0.0,32424.0,8,2022
91656.0,0.0,273114.0,277814.0,4700.0,202208,MX,0203292000,47,47,70,70,91656.0,0.0,273114.0,8,2022
1987392.0,0.0,8689562.0,8718102.0,28540.0,202208,MX,0203294000,47,47,70,70,1987392.0,0.0,8689562.0,8,2022
394556.0,0.0,1394206.0,1425763.0,31557.0,202209,MX,0203192090,47,47,70,70,394556.0,0.0,1394206.0,9,2022
48921.0,0.0,295445.0,295728.0,283.0,202209,MX,0203194010,47,47,70,70,48921.0,0.0,295445.0,9,2022
414681.0,0.0,904829.0,906411.0,1582.0,202209,MX,0203194090,47,47,70,70,414681.0,0.0,904829.0,9,2022
27347.0,0.0,49066.0,49178.0,112.0,202209,MX,0203229000,47,47,70,70,27347.0,0.0,49066.0,9,2022
53989.0,0.0,227154.0,227465.0,311.0,202209,MX,0203292000,47,47,70,70,53989.0,0.0,227154.0,9,2022
2156557.0,0.0,9609600.0,9637187.0,27587.0,202209,MX,0203294000,47,47,70,70,2156557.0,0.0,9609600.0,9,2022
406974.0,0.0,1591771.0,1624801.0,33030.0,202210,MX,0203192090,47,47,70,70,406974.0,0.0,1591771.0,10,2022
78633.0,0.0,379851.0,381637.0,1786.0,202210,MX,0203194010,47,47,70,70,78633.0,0.0,379851.0,10,2022
412305.0,0.0,942627.0,943848.0,1221.0,202210,MX,0203194090,47,47,70,70,412305.0,0.0,942627.0,10,2022
31604.0,0.0,105671.0,105808.0,137.0,202210,MX,0203229000,47,47,70,70,31604.0,0.0,105671.0,10,2022
178656.0,0.0,667949.0,670398.0,2449.0,202210,MX,0203292000,47,47,70,70,178656.0,0.0,667949.0,10,2022
1942357.0,0.0,8538917.0,8564428.0,25511.0,202210,MX,0203294000,47,47,70,70,1942357.0,0.0,8538917.0,10,2022
50385.0,0.0,129993.0,130293.0,300.0,202211,MX,0203110000,47,47,70,70,50385.0,0.0,129993.0,11,2022
2513.0,0.0,7235.0,7250.0,15.0,202211,MX,0203121020,47,47,70,70,2513.0,0.0,7235.0,11,2022
212527.0,0.0,791093.0,807455.0,16362.0,202211,MX,0203192090,47,47,70,70,212527.0,0.0,791093.0,11,2022
294754.0,0.0,1203345.0,1221442.0,18097.0,202211,MX,0203194010,47,47,70,70,294754.0,0.0,1203345.0,11,2022
145122.0,0.0,357622.0,358009.0,387.0,202211,MX,0203194090,47,47,70,70,145122.0,0.0,357622.0,11,2022
12576.0,0.0,36554.0,37407.0,853.0,202211,MX,0203221000,47,47,70,70,12576.0,0.0,36554.0,11,2022
16123.0,0.0,32742.0,33095.0,353.0,202211,MX,0203229000,47,47,70,70,16123.0,0.0,32742.0,11,2022
138174.0,0.0,389227.0,390045.0,818.0,202211,MX,0203292000,47,47,70,70,138174.0,0.0,389227.0,11,2022
1751849.0,0.0,7731293.0,7761440.0,30147.0,202211,MX,0203294000,47,47,70,70,1751849.0,0.0,7731293.0,11,2022
80085.0,0.0,149477.0,149977.0,500.0,202212,MX,0203110000,47,47,70,70,80085.0,0.0,149477.0,12,2022
1051.0,0.0,3027.0,3033.0,6.0,202212,MX,0203121020,47,47,70,70,1051.0,0.0,3027.0,12,2022
246212.0,0.0,829895.0,849454.0,19559.0,202212,MX,0203192090,47,47,70,70,246212.0,0.0,829895.0,12,2022
276738.0,0.0,1138676.0,1152902.0,14226.0,202212,MX,0203194010,47,47,70,70,276738.0,0.0,1138676.0,12,2022
266539.0,0.0,603032.0,604765.0,1733.0,202212,MX,0203194090,47,47,70,70,266539.0,0.0,603032.0,12,2022
8420.0,0.0,29552.0,30046.0,494.0,202212,MX,0203221000,47,47,70,70,8420.0,0.0,29552.0,12,2022
12493.0,0.0,16167.0,16307.0,140.0,202212,MX,0203229000,47,47,70,70,12493.0,0.0,16167.0,12,2022
35679.0,0.0,85109.0,85320.0,211.0,202212,MX,0203292000,47,47,70,70,35679.0,0.0,85109.0,12,2022
2166624.0,0.0,9051072.0,9099571.0,48499.0,202212,MX,0203294000,47,47,70,70,2166624.0,0.0,9051072.0,12,2022
103448.0,0.0,283489.0,284089.0,600.0,202301,MX,0203110000,47,47,70,70,103448.0,0.0,283489.0,1,2023
297566.0,0.0,1095284.0,1113952.0,18668.0,202301,MX,0203194010,47,47,70,70,297566.0,0.0,1095284.0,1,2023
128243.0,0.0,294959.0,295124.0,165.0,202301,MX,0203194090,47,47,70,70,128243.0,0.0,294959.0,1,2023
26478.0,0.0,55380.0,55492.0,112.0,202301,MX,0203229000,47,47,70,70,26478.0,0.0,55380.0,1,2023
45800.0,0.0,130574.0,130839.0,265.0,202301,MX,0203292000,47,47,70,70,45800.0,0.0,130574.0,1,2023
2121385.0,0.0,8982213.0,9026719.0,44506.0,202301,MX,0203294000,47,47,70,70,2121385.0,0.0,8982213.0,1,2023
182340.0,0.0,499938.0,500938.0,1000.0,202302,MX,0203110000,47,47,70,70,182340.0,0.0,499938.0,2,2023
18208.0,0.0,51655.0,53155.0,1500.0,202302,MX,0203192090,47,47,70,70,18208.0,0.0,51655.0,2,2023
154606.0,0.0,659086.0,665749.0,6663.0,202302,MX,0203194010,47,47,70,70,154606.0,0.0,659086.0,2,2023
155436.0,0.0,357505.0,357887.0,382.0,202302,MX,0203194090,47,47,70,70,155436.0,0.0,357505.0,2,2023
34390.0,0.0,98267.0,98379.0,112.0,202302,MX,0203229000,47,47,70,70,34390.0,0.0,98267.0,2,2023
34778.0,0.0,111836.0,112036.0,200.0,202302,MX,0203292000,47,47,70,70,34778.0,0.0,111836.0,2,2023
2040375.0,0.0,8386270.0,8433785.0,47515.0,202302,MX,0203294000,47,47,70,70,2040375.0,0.0,8386270.0,2,2023
144512.0,0.0,365344.0,366144.0,800.0,202303,MX,0203110000,47,47,70,70,144512.0,0.0,365344.0,3,2023
10528.0,0.0,26622.0,26685.0,63.0,202303,MX,0203121020,47,47,70,70,10528.0,0.0,26622.0,3,2023
19690.0,0.0,62159.0,63697.0,1538.0,202303,MX,0203192090,47,47,70,70,19690.0,0.0,62159.0,3,2023
118740.0,0.0,625525.0,626892.0,1367.0,202303,MX,0203194010,47,47,70,70,118740.0,0.0,625525.0,3,2023
126100.0,0.0,308054.0,308848.0,794.0,202303,MX,0203194090,47,47,70,70,126100.0,0.0,308054.0,3,2023
32877.0,0.0,97263.0,97381.0,118.0,202303,MX,0203229000,47,47,70,70,32877.0,0.0,97263.0,3,2023
67615.0,0.0,163220.0,163614.0,394.0,202303,MX,0203292000,47,47,70,70,67615.0,0.0,163220.0,3,2023
2461901.0,0.0,9961286.0,10014231.0,52945.0,202303,MX,0203294000,47,47,70,70,2461901.0,0.0,9961286.0,3,2023
177174.0,0.0,396868.0,397868.0,1000.0,202304,MX,0203110000,47,47,70,70,177174.0,0.0,396868.0,4,2023
9468.0,0.0,20500.0,20556.0,56.0,202304,MX,0203121020,47,47,70,70,9468.0,0.0,20500.0,4,2023
72196.0,0.0,379923.0,381714.0,1791.0,202304,MX,0203194010,47,47,70,70,72196.0,0.0,379923.0,4,2023
241206.0,0.0,562491.0,565095.0,2604.0,202304,MX,0203194090,47,47,70,70,241206.0,0.0,562491.0,4,2023
13286.0,0.0,13474.0,13583.0,109.0,202304,MX,0203229000,47,47,70,70,13286.0,0.0,13474.0,4,2023
20096.0,0.0,33435.0,33553.0,118.0,202304,MX,0203292000,47,47,70,70,20096.0,0.0,33435.0,4,2023
1942491.0,0.0,7865202.0,7915825.0,50623.0,202304,MX,0203294000,47,47,70,70,1942491.0,0.0,7865202.0,4,2023
161282.0,0.0,360531.0,361431.0,900.0,202305,MX,0203110000,47,47,70,70,161282.0,0.0,360531.0,5,2023
3973.0,0.0,10287.0,10311.0,24.0,202305,MX,0203121020,47,47,70,70,3973.0,0.0,10287.0,5,2023
69226.0,0.0,377717.0,377839.0,122.0,202305,MX,0203194010,47,47,70,70,69226.0,0.0,377717.0,5,2023
471137.0,0.0,1116602.0,1119882.0,3280.0,202305,MX,0203194090,47,47,70,70,471137.0,0.0,1116602.0,5,2023
16600.0,0.0,14940.0,14952.0,12.0,202305,MX,0203229000,47,47,70,70,16600.0,0.0,14940.0,5,2023
120764.0,0.0,355325.0,356150.0,825.0,202305,MX,0203292000,47,47,70,70,120764.0,0.0,355325.0,5,2023
2689494.0,0.0,10871150.0,10955823.0,84673.0,202305,MX,0203294000,47,47,70,70,2689494.0,0.0,10871150.0,5,2023
143439.0,0.0,321301.0,322101.0,800.0,202306,MX,0203110000,47,47,70,70,143439.0,0.0,321301.0,6,2023
2031.0,0.0,5524.0,5536.0,12.0,202306,MX,0203121020,47,47,70,70,2031.0,0.0,5524.0,6,2023
89392.0,0.0,445101.0,445473.0,372.0,202306,MX,0203194010,47,47,70,70,89392.0,0.0,445101.0,6,2023
235102.0,0.0,560416.0,561249.0,833.0,202306,MX,0203194090,47,47,70,70,235102.0,0.0,560416.0,6,2023
17208.0,0.0,19649.0,19761.0,112.0,202306,MX,0203229000,47,47,70,70,17208.0,0.0,19649.0,6,2023
53014.0,0.0,122477.0,122784.0,307.0,202306,MX,0203292000,47,47,70,70,53014.0,0.0,122477.0,6,2023
2521259.0,0.0,10440588.0,10490487.0,49899.0,202306,MX,0203294000,47,47,70,70,2521259.0,0.0,10440588.0,6,2023
196191.0,0.0,455986.0,457086.0,1100.0,202307,MX,0203110000,47,47,70,70,196191.0,0.0,455986.0,7,2023
1523.0,0.0,3351.0,3360.0,9.0,202307,MX,0203121020,47,47,70,70,1523.0,0.0,3351.0,7,2023
67754.0,0.0,342318.0,342360.0,42.0,202307,MX,0203194010,47,47,70,70,67754.0,0.0,342318.0,7,2023
171353.0,0.0,409924.0,410779.0,855.0,202307,MX,0203194090,47,47,70,70,171353.0,0.0,409924.0,7,2023
12069.0,0.0,15695.0,15831.0,136.0,202307,MX,0203229000,47,47,70,70,12069.0,0.0,15695.0,7,2023
70913.0,0.0,133314.0,133731.0,417.0,202307,MX,0203292000,47,47,70,70,70913.0,0.0,133314.0,7,2023
2135775.0,0.0,8553105.0,8596720.0,43615.0,202307,MX,0203294000,47,47,70,70,2135775.0,0.0,8553105.0,7,2023
195048.0,0.0,508060.0,509160.0,1100.0,202308,MX,0203110000,47,47,70,70,195048.0,0.0,508060.0,8,2023
136556.0,0.0,700495.0,700891.0,396.0,202308,MX,0203194010,47,47,70,70,136556.0,0.0,700495.0,8,2023
158392.0,0.0,394178.0,395200.0,1022.0,202308,MX,0203194090,47,47,70,70,158392.0,0.0,394178.0,8,2023
27954.0,0.0,39690.0,39844.0,154.0,202308,MX,0203229000,47,47,70,70,27954.0,0.0,39690.0,8,2023
40706.0,0.0,67813.0,68053.0,240.0,202308,MX,0203292000,47,47,70,70,40706.0,0.0,67813.0,8,2023
1954026.0,0.0,8332070.0,8369255.0,37185.0,202308,MX,0203294000,47,47,70,70,1954026.0,0.0,8332070.0,8,2023
53846.0,0.0,128242.0,128542.0,300.0,202309,MX,0203110000,47,47,70,70,53846.0,0.0,128242.0,9,2023
102201.0,0.0,539834.0,539918.0,84.0,202309,MX,0203194010,47,47,70,70,102201.0,0.0,539834.0,9,2023
174597.0,0.0,424259.0,424350.0,91.0,202309,MX,0203194090,47,47,70,70,174597.0,0.0,424259.0,9,2023
16665.0,0.0,20925.0,20943.0,18.0,202309,MX,0203229000,47,47,70,70,16665.0,0.0,20925.0,9,2023
17000.0,0.0,38760.0,38860.0,100.0,202309,MX,0203292000,47,47,70,70,17000.0,0.0,38760.0,9,2023
2000081.0,0.0,8680846.0,8722940.0,42094.0,202309,MX,0203294000,47,47,70,70,2000081.0,0.0,8680846.0,9,2023
72451.0,0.0,154366.0,154766.0,400.0,202310,MX,0203110000,47,47,70,70,72451.0,0.0,154366.0,10,2023
156243.0,0.0,812852.0,814890.0,2038.0,202310,MX,0203194010,47,47,70,70,156243.0,0.0,812852.0,10,2023
216739.0,0.0,512549.0,513004.0,455.0,202310,MX,0203194090,47,47,70,70,216739.0,0.0,512549.0,10,2023
21420.0,0.0,47374.0,47587.0,213.0,202310,MX,0203229000,47,47,70,70,21420.0,0.0,47374.0,10,2023
100899.0,0.0,223815.0,224406.0,591.0,202310,MX,0203292000,47,47,70,70,100899.0,0.0,223815.0,10,2023
2526203.0,0.0,10934006.0,10988540.0,54534.0,202310,MX,0203294000,47,47,70,70,2526203.0,0.0,10934006.0,10,2023
88159.0,0.0,183371.0,183871.0,500.0,202311,MX,0203110000,47,47,70,70,88159.0,0.0,183371.0,11,2023
132764.0,0.0,708471.0,708993.0,522.0,202311,MX,0203194010,47,47,70,70,132764.0,0.0,708471.0,11,2023
290047.0,0.0,677480.0,678665.0,1185.0,202311,MX,0203194090,47,47,70,70,290047.0,0.0,677480.0,11,2023
14320.0,0.0,35466.0,35700.0,234.0,202311,MX,0203229000,47,47,70,70,14320.0,0.0,35466.0,11,2023
65576.0,0.0,219909.0,220309.0,400.0,202311,MX,0203292000,47,47,70,70,65576.0,0.0,219909.0,11,2023
2646688.0,0.0,11851954.0,11908537.0,56583.0,202311,MX,0203294000,47,47,70,70,2646688.0,0.0,11851954.0,11,2023
162537.0,0.0,338076.0,338976.0,900.0,202312,MX,0203110000,47,47,70,70,162537.0,0.0,338076.0,12,2023
118209.0,0.0,617849.0,617954.0,105.0,202312,MX,0203194010,47,47,70,70,118209.0,0.0,617849.0,12,2023
316253.0,0.0,736198.0,736557.0,359.0,202312,MX,0203194090,47,47,70,70,316253.0,0.0,736198.0,12,2023
45160.0,0.0,78587.0,78787.0,200.0,202312,MX,0203229000,47,47,70,70,45160.0,0.0,78587.0,12,2023
91021.0,0.0,305206.0,305809.0,603.0,202312,MX,0203292000,47,47,70,70,91021.0,0.0,305206.0,12,2023
2344913.0,0.0,10503932.0,10559823.0,55891.0,202312,MX,0203294000,47,47,70,70,2344913.0,0.0,10503932.0,12,2023
140912.0,0.0,293097.0,293897.0,800.0,202401,MX,0203110000,47,47,70,70,140912.0,0.0,293097.0,1,2024
2000.0,0.0,5441.0,5454.0,13.0,202401,MX,0203121020,47,47,70,70,2000.0,0.0,5441.0,1,2024
102100.0,0.0,564054.0,564129.0,75.0,202401,MX,0203194010,47,47,70,70,102100.0,0.0,564054.0,1,2024
455689.0,0.0,1062678.0,1063407.0,729.0,202401,MX,0203194090,47,47,70,70,455689.0,0.0,1062678.0,1,2024
33125.0,0.0,44643.0,44778.0,135.0,202401,MX,0203229000,47,47,70,70,33125.0,0.0,44643.0,1,2024
17008.0,0.0,21260.0,21360.0,100.0,202401,MX,0203292000,47,47,70,70,17008.0,0.0,21260.0,1,2024
1939575.0,0.0,8705517.0,8750071.0,44554.0,202401,MX,0203294000,47,47,70,70,1939575.0,0.0,8705517.0,1,2024
121531.0,0.0,252785.0,253485.0,700.0,202402,MX,0203110000,47,47,70,70,121531.0,0.0,252785.0,2,2024
1505.0,0.0,3732.0,3741.0,9.0,202402,MX,0203121020,47,47,70,70,1505.0,0.0,3732.0,2,2024
145225.0,0.0,886343.0,886430.0,87.0,202402,MX,0203194010,47,47,70,70,145225.0,0.0,886343.0,2,2024
388973.0,0.0,909448.0,910385.0,937.0,202402,MX,0203194090,47,47,70,70,388973.0,0.0,909448.0,2,2024
39620.0,0.0,58720.0,58844.0,124.0,202402,MX,0203229000,47,47,70,70,39620.0,0.0,58720.0,2,2024
17052.0,0.0,21314.0,21414.0,100.0,202402,MX,0203292000,47,47,70,70,17052.0,0.0,21314.0,2,2024
2079013.0,0.0,9494866.0,9551683.0,56817.0,202402,MX,0203294000,47,47,70,70,2079013.0,0.0,9494866.0,2,2024
132651.0,0.0,275914.0,276714.0,800.0,202403,MX,0203110000,47,47,70,70,132651.0,0.0,275914.0,3,2024
4532.0,0.0,11239.0,11265.0,26.0,202403,MX,0203121020,47,47,70,70,4532.0,0.0,11239.0,3,2024
163677.0,0.0,974824.0,976885.0,2061.0,202403,MX,0203194010,47,47,70,70,163677.0,0.0,974824.0,3,2024
397718.0,0.0,929597.0,930719.0,1122.0,202403,MX,0203194090,47,47,70,70,397718.0,0.0,929597.0,3,2024
94194.0,0.0,112113.0,112246.0,133.0,202403,MX,0203229000,47,47,70,70,94194.0,0.0,112113.0,3,2024
75121.0,0.0,232245.0,232688.0,443.0,202403,MX,0203292000,47,47,70,70,75121.0,0.0,232245.0,3,2024
2061147.0,0.0,9670203.0,9734423.0,64220.0,202403,MX,0203294000,47,47,70,70,2061147.0,0.0,9670203.0,3,2024
120454.0,0.0,250543.0,251243.0,700.0,202404,MX,0203110000,47,47,70,70,120454.0,0.0,250543.0,4,2024
6763.0,0.0,24676.0,24716.0,40.0,202404,MX,0203121020,47,47,70,70,6763.0,0.0,24676.0,4,2024
126391.0,0.0,799548.0,801132.0,1584.0,202404,MX,0203194010,47,47,70,70,126391.0,0.0,799548.0,4,2024
193112.0,0.0,476968.0,477202.0,234.0,202404,MX,0203194090,47,47,70,70,193112.0,0.0,476968.0,4,2024
16635.0,0.0,29818.0,29851.0,33.0,202404,MX,0203229000,47,47,70,70,16635.0,0.0,29818.0,4,2024
50169.0,0.0,117968.0,118268.0,300.0,202404,MX,0203292000,47,47,70,70,50169.0,0.0,117968.0,4,2024
2168261.0,0.0,10356831.0,10419406.0,62575.0,202404,MX,0203294000,47,47,70,70,2168261.0,0.0,10356831.0,4,2024
67557.0,0.0,154030.0,154430.0,400.0,202405,MX,0203110000,47,47,70,70,67557.0,0.0,154030.0,5,2024
7236.0,0.0,19763.0,19807.0,44.0,202405,MX,0203121020,47,47,70,70,7236.0,0.0,19763.0,5,2024
142836.0,0.0,909490.0,909624.0,134.0,202405,MX,0203194010,47,47,70,70,142836.0,0.0,909490.0,5,2024
382044.0,0.0,925914.0,926597.0,683.0,202405,MX,0203194090,47,47,70,70,382044.0,0.0,925914.0,5,2024
56896.0,0.0,112330.0,112378.0,48.0,202405,MX,0203229000,47,47,70,70,56896.0,0.0,112330.0,5,2024
57892.0,0.0,135129.0,135469.0,340.0,202405,MX,0203292000,47,47,70,70,57892.0,0.0,135129.0,5,2024
2197880.0,0.0,11084081.0,11138227.0,54146.0,202405,MX,0203294000,47,47,70,70,2197880.0,0.0,11084081.0,5,2024
67504.0,0.0,153910.0,154310.0,400.0,202406,MX,0203110000,47,47,70,70,67504.0,0.0,153910.0,6,2024
7430.0,0.0,24019.0,24064.0,45.0,202406,MX,0203121020,47,47,70,70,7430.0,0.0,24019.0,6,2024
125900.0,0.0,821023.0,821128.0,105.0,202406,MX,0203194010,47,47,70,70,125900.0,0.0,821023.0,6,2024
561061.0,0.0,1369477.0,1370200.0,723.0,202406,MX,0203194090,47,47,70,70,561061.0,0.0,1369477.0,6,2024
56018.0,0.0,107517.0,107638.0,121.0,202406,MX,0203229000,47,47,70,70,56018.0,0.0,107517.0,6,2024
17003.0,0.0,24655.0,24755.0,100.0,202406,MX,0203292000,47,47,70,70,17003.0,0.0,24655.0,6,2024
2152057.0,0.0,11227695.0,11244401.0,16706.0,202406,MX,0203294000,47,47,70,70,2152057.0,0.0,11227695.0,6,2024
51760.0,0.0,118013.0,118313.0,300.0,202407,MX,0203110000,47,47,70,70,51760.0,0.0,118013.0,7,2024
10967.0,0.0,43880.0,43944.0,64.0,202407,MX,0203121020,47,47,70,70,10967.0,0.0,43880.0,7,2024
123710.0,0.0,809214.0,809592.0,378.0,202407,MX,0203194010,47,47,70,70,123710.0,0.0,809214.0,7,2024
334075.0,0.0,829995.0,830539.0,544.0,202407,MX,0203194090,47,47,70,70,334075.0,0.0,829995.0,7,2024
40851.0,0.0,78506.0,78536.0,30.0,202407,MX,0203229000,47,47,70,70,40851.0,0.0,78506.0,7,2024
28013.0,0.0,40948.0,41113.0,165.0,202407,MX,0203292000,47,47,70,70,28013.0,0.0,40948.0,7,2024
1947769.0,0.0,9933450.0,9953036.0,19586.0,202407,MX,0203294000,47,47,70,70,1947769.0,0.0,9933450.0,7,2024
17050.0,0.0,38874.0,38974.0,100.0,202408,MX,0203110000,47,47,70,70,17050.0,0.0,38874.0,8,2024
3638.0,0.0,16280.0,16303.0,23.0,202408,MX,0203121020,47,47,70,70,3638.0,0.0,16280.0,8,2024
137192.0,0.0,880272.0,880418.0,146.0,202408,MX,0203194010,47,47,70,70,137192.0,0.0,880272.0,8,2024
355226.0,0.0,916681.0,917287.0,606.0,202408,MX,0203194090,47,47,70,70,355226.0,0.0,916681.0,8,2024
11722.0,0.0,22962.0,22977.0,15.0,202408,MX,0203229000,47,47,70,70,11722.0,0.0,22962.0,8,2024
44275.0,0.0,83141.0,83405.0,264.0,202408,MX,0203292000,47,47,70,70,44275.0,0.0,83141.0,8,2024
1842651.0,0.0,9366838.0,9387127.0,20289.0,202408,MX,0203294000,47,47,70,70,1842651.0,0.0,9366838.0,8,2024
3529.0,0.0,14794.0,14823.0,29.0,202409,MX,0203121020,47,47,70,70,3529.0,0.0,14794.0,9,2024
88352.0,0.0,578364.0,578438.0,74.0,202409,MX,0203194010,47,47,70,70,88352.0,0.0,578364.0,9,2024
365513.0,0.0,968308.0,968875.0,567.0,202409,MX,0203194090,47,47,70,70,365513.0,0.0,968308.0,9,2024
19493.0,0.0,43149.0,43182.0,33.0,202409,MX,0203229000,47,47,70,70,19493.0,0.0,43149.0,9,2024
51375.0,0.0,141692.0,141990.0,298.0,202409,MX,0203292000,47,47,70,70,51375.0,0.0,141692.0,9,2024
2067681.0,0.0,10455397.0,10482132.0,26735.0,202409,MX,0203294000,47,47,70,70,2067681.0,0.0,10455397.0,9,2024
8638.0,0.0,38664.0,38715.0,51.0,202410,MX,0203121020,47,47,70,70,8638.0,0.0,38664.0,10,2024
136946.0,0.0,875134.0,875921.0,787.0,202410,MX,0203194010,47,47,70,70,136946.0,0.0,875134.0,10,2024
373322.0,0.0,933645.0,934157.0,512.0,202410,MX,0203194090,47,47,70,70,373322.0,0.0,933645.0,10,2024
62959.0,0.0,125805.0,126011.0,206.0,202410,MX,0203229000,47,47,70,70,62959.0,0.0,125805.0,10,2024
76661.0,0.0,203750.0,204195.0,445.0,202410,MX,0203292000,47,47,70,70,76661.0,0.0,203750.0,10,2024
2567696.0,0.0,12513929.0,12547088.0,33159.0,202410,MX,0203294000,47,47,70,70,2567696.0,0.0,12513929.0,10,2024
21758.0,0.0,88550.0,88678.0,128.0,202411,MX,0203121020,47,47,70,70,21758.0,0.0,88550.0,11,2024
119245.0,0.0,761253.0,761360.0,107.0,202411,MX,0203194010,47,47,70,70,119245.0,0.0,761253.0,11,2024
452680.0,0.0,1114166.0,1114783.0,617.0,202411,MX,0203194090,47,47,70,70,452680.0,0.0,1114166.0,11,2024
75935.0,0.0,146281.0,146368.0,87.0,202411,MX,0203229000,47,47,70,70,75935.0,0.0,146281.0,11,2024
107482.0,0.0,249847.0,250466.0,619.0,202411,MX,0203292000,47,47,70,70,107482.0,0.0,249847.0,11,2024
2165902.0,0.0,10663668.0,10694543.0,30875.0,202411,MX,0203294000,47,47,70,70,2165902.0,0.0,10663668.0,11,2024
3592.0,0.0,14618.0,14639.0,21.0,202412,MX,0203121020,47,47,70,70,3592.0,0.0,14618.0,12,2024
17678.0,0.0,93532.0,93632.0,100.0,202412,MX,0203192010,47,47,70,70,17678.0,0.0,93532.0,12,2024
129408.0,0.0,765997.0,767590.0,1593.0,202412,MX,0203194010,47,47,70,70,129408.0,0.0,765997.0,12,2024
574677.0,0.0,1408685.0,1409805.0,1120.0,202412,MX,0203194090,47,47,70,70,574677.0,0.0,1408685.0,12,2024
86734.0,0.0,144728.0,144855.0,127.0,202412,MX,0203229000,47,47,70,70,86734.0,0.0,144728.0,12,2024
65791.0,0.0,227947.0,228326.0,379.0,202412,MX,0203292000,47,47,70,70,65791.0,0.0,227947.0,12,2024
2487863.0,0.0,12186958.0,12253583.0,66625.0,202412,MX,0203294000,47,47,70,70,2487863.0,0.0,12186958.0,12,2024
171591.0,0.0,1035837.0,1040709.0,4872.0,202501,MX,0203194010,47,47,70,70,171591.0,0.0,1035837.0,1,2025
443171.0,0.0,1072372.0,1074151.0,1779.0,202501,MX,0203194090,47,47,70,70,443171.0,0.0,1072372.0,1,2025
28314.0,0.0,38262.0,38292.0,30.0,202501,MX,0203229000,47,47,70,70,28314.0,0.0,38262.0,1,2025
38188.0,0.0,180172.0,180398.0,226.0,202501,MX,0203292000,47,47,70,70,38188.0,0.0,180172.0,1,2025
2375142.0,0.0,11392466.0,11461790.0,69324.0,202501,MX,0203294000,47,47,70,70,2375142.0,0.0,11392466.0,1,2025
3516.0,0.0,16048.0,16069.0,21.0,202502,MX,0203121020,47,47,70,70,3516.0,0.0,16048.0,2,2025
114261.0,0.0,717229.0,717331.0,102.0,202502,MX,0203194010,47,47,70,70,114261.0,0.0,717229.0,2,2025
416401.0,0.0,1038542.0,1039298.0,756.0,202502,MX,0203194090,47,47,70,70,416401.0,0.0,1038542.0,2,2025
38854.0,0.0,53745.0,53888.0,143.0,202502,MX,0203229000,47,47,70,70,38854.0,0.0,53745.0,2,2025
61816.0,0.0,249679.0,250035.0,356.0,202502,MX,0203292000,47,47,70,70,61816.0,0.0,249679.0,2,2025
2123476.0,0.0,10325199.0,10373670.0,48471.0,202502,MX,0203294000,47,47,70,70,2123476.0,0.0,10325199.0,2,2025
6012.0,0.0,27967.0,28003.0,36.0,202503,MX,0203121020,47,47,70,70,6012.0,0.0,27967.0,3,2025
183129.0,0.0,1087459.0,1092590.0,5131.0,202503,MX,0203194010,47,47,70,70,183129.0,0.0,1087459.0,3,2025
379592.0,0.0,960620.0,961404.0,784.0,202503,MX,0203194090,47,47,70,70,379592.0,0.0,960620.0,3,2025
39831.0,0.0,53142.0,53169.0,27.0,202503,MX,0203229000,47,47,70,70,39831.0,0.0,53142.0,3,2025
71565.0,0.0,295858.0,296280.0,422.0,202503,MX,0203292000,47,47,70,70,71565.0,0.0,295858.0,3,2025
2210450.0,0.0,11109582.0,11161502.0,51920.0,202503,MX,0203294000,47,47,70,70,2210450.0,0.0,11109582.0,3,2025
7577.0,0.0,35213.0,35259.0,46.0,202504,MX,0203121020,47,47,70,70,7577.0,0.0,35213.0,4,2025
134504.0,0.0,833591.0,835642.0,2051.0,202504,MX,0203194010,47,47,70,70,134504.0,0.0,833591.0,4,2025
596931.0,0.0,1496870.0,1498060.0,1190.0,202504,MX,0203194090,47,47,70,70,596931.0,0.0,1496870.0,4,2025
42626.0,0.0,62028.0,62058.0,30.0,202504,MX,0203229000,47,47,70,70,42626.0,0.0,62028.0,4,2025
51098.0,0.0,249424.0,249729.0,305.0,202504,MX,0203292000,47,47,70,70,51098.0,0.0,249424.0,4,2025
1867007.0,0.0,9835337.0,9881335.0,45998.0,202504,MX,0203294000,47,47,70,70,1867007.0,0.0,9835337.0,4,2025
6451.0,0.0,29743.0,29782.0,39.0,202505,MX,0203121020,47,47,70,70,6451.0,0.0,29743.0,5,2025
188419.0,0.0,1164507.0,1169567.0,5060.0,202505,MX,0203194010,47,47,70,70,188419.0,0.0,1164507.0,5,2025
587544.0,0.0,1469115.0,1470788.0,1673.0,202505,MX,0203194090,47,47,70,70,587544.0,0.0,1469115.0,5,2025
48485.0,0.0,71681.0,71726.0,45.0,202505,MX,0203229000,47,47,70,70,48485.0,0.0,71681.0,5,2025
86196.0,0.0,353275.0,353781.0,506.0,202505,MX,0203292000,47,47,70,70,86196.0,0.0,353275.0,5,2025
2107060.0,0.0,11309090.0,11352688.0,43598.0,202505,MX,0203294000,47,47,70,70,2107060.0,0.0,11309090.0,5,2025
8597.0,0.0,39363.0,39416.0,53.0,202506,MX,0203121020,47,47,70,70,8597.0,0.0,39363.0,6,2025
117765.0,0.0,739773.0,741921.0,2148.0,202506,MX,0203194010,47,47,70,70,117765.0,0.0,739773.0,6,2025
179520.0,0.0,548288.0,549169.0,881.0,202506,MX,0203194090,47,47,70,70,179520.0,0.0,548288.0,6,2025
30879.0,0.0,42188.0,42218.0,30.0,202506,MX,0203229000,47,47,70,70,30879.0,0.0,42188.0,6,2025
44563.0,0.0,181880.0,182142.0,262.0,202506,MX,0203292000,47,47,70,70,44563.0,0.0,181880.0,6,2025
1973960.0,0.0,10972336.0,11019239.0,46903.0,202506,MX,0203294000,47,47,70,70,1973960.0,0.0,10972336.0,6,2025
10405.0,0.0,47892.0,47954.0,62.0,202507,MX,0203121020,47,47,70,70,10405.0,0.0,47892.0,7,2025
176017.0,0.0,1141623.0,1142743.0,1120.0,202507,MX,0203194010,47,47,70,70,176017.0,0.0,1141623.0,7,2025
524099.0,0.0,1368963.0,1370032.0,1069.0,202507,MX,0203194090,47,47,70,70,524099.0,0.0,1368963.0,7,2025
51713.0,0.0,79999.0,80038.0,39.0,202507,MX,0203229000,47,47,70,70,51713.0,0.0,79999.0,7,2025
124655.0,0.0,443362.0,444095.0,733.0,202507,MX,0203292000,47,47,70,70,124655.0,0.0,443362.0,7,2025
2414242.0,0.0,13374070.0,13421731.0,47661.0,202507,MX,0203294000,47,47,70,70,2414242.0,0.0,13374070.0,7,2025
6900.0,0.0,31653.0,31695.0,42.0,202508,MX,0203121020,47,47,70,70,6900.0,0.0,31653.0,8,2025
17733.0,0.0,102426.0,102526.0,100.0,202508,MX,0203192010,47,47,70,70,17733.0,0.0,102426.0,8,2025
138014.0,0.0,898459.0,900810.0,2351.0,202508,MX,0203194010,47,47,70,70,138014.0,0.0,898459.0,8,2025
281732.0,0.0,750370.0,751209.0,839.0,202508,MX,0203194090,47,47,70,70,281732.0,0.0,750370.0,8,2025
48772.0,0.0,71420.0,71617.0,197.0,202508,MX,0203229000,47,47,70,70,48772.0,0.0,71420.0,8,2025
63646.0,0.0,288419.0,288791.0,372.0,202508,MX,0203292000,47,47,70,70,63646.0,0.0,288419.0,8,2025
1984016.0,0.0,11106052.0,11155967.0,49915.0,202508,MX,0203294000,47,47,70,70,1984016.0,0.0,11106052.0,8,2025
9166.0,0.0,41727.0,41783.0,56.0,202509,MX,0203121020,47,47,70,70,9166.0,0.0,41727.0,9,2025
200106.0,0.0,1294678.0,1297604.0,2926.0,202509,MX,0203194010,47,47,70,70,200106.0,0.0,1294678.0,9,2025
354838.0,0.0,972397.0,974161.0,1764.0,202509,MX,0203194090,47,47,70,70,354838.0,0.0,972397.0,9,2025
41093.0,0.0,65304.0,65337.0,33.0,202509,MX,0203229000,47,47,70,70,41093.0,0.0,65304.0,9,2025
103726.0,0.0,455839.0,458488.0,2649.0,202509,MX,0203292000,47,47,70,70,103726.0,0.0,455839.0,9,2025
2266881.0,0.0,12030810.0,12095800.0,64990.0,202509,MX,0203294000,47,47,70,70,2266881.0,0.0,12030810.0,9,2025
6548.0,0.0,29656.0,29696.0,40.0,202510,MX,0203121020,47,47,70,70,6548.0,0.0,29656.0,10,2025
226545.0,0.0,1487024.0,1491086.0,4062.0,202510,MX,0203194010,47,47,70,70,226545.0,0.0,1487024.0,10,2025
691816.0,0.0,1709234.0,1710356.0,1122.0,202510,MX,0203194090,47,47,70,70,691816.0,0.0,1709234.0,10,2025
89177.0,0.0,155431.0,155649.0,218.0,202510,MX,0203229000,47,47,70,70,89177.0,0.0,155431.0,10,2025
167565.0,0.0,833178.0,834228.0,1050.0,202510,MX,0203292000,47,47,70,70,167565.0,0.0,833178.0,10,2025
2468482.0,0.0,13536664.0,13589650.0,52986.0,202510,MX,0203294000,47,47,70,70,2468482.0,0.0,13536664.0,10,2025
5545.0,0.0,27643.0,27679.0,36.0,202511,MX,0203121020,47,47,70,70,5545.0,0.0,27643.0,11,2025
105899.0,0.0,594170.0,594770.0,600.0,202511,MX,0203192010,47,47,70,70,105899.0,0.0,594170.0,11,2025
244515.0,0.0,1558463.0,1562719.0,4256.0,202511,MX,0203194010,47,47,70,70,244515.0,0.0,1558463.0,11,2025
587217.0,0.0,1429414.0,1430218.0,804.0,202511,MX,0203194090,47,47,70,70,587217.0,0.0,1429414.0,11,2025
139456.0,0.0,495003.0,495554.0,551.0,202511,MX,0203229000,47,47,70,70,139456.0,0.0,495003.0,11,2025
52047.0,0.0,202272.0,202574.0,302.0,202511,MX,0203292000,47,47,70,70,52047.0,0.0,202272.0,11,2025
2005261.0,0.0,10799157.0,10841648.0,42491.0,202511,MX,0203294000,47,47,70,70,2005261.0,0.0,10799157.0,11,2025
5507.0,0.0,25965.0,26000.0,35.0,202512,MX,0203121020,47,47,70,70,5507.0,0.0,25965.0,12,2025
17623.0,0.0,94022.0,94122.0,100.0,202512,MX,0203192010,47,47,70,70,17623.0,0.0,94022.0,12,2025
291125.0,0.0,1871899.0,1875584.0,3685.0,202512,MX,0203194010,47,47,70,70,291125.0,0.0,1871899.0,12,2025
611940.0,0.0,1484721.0,1485239.0,518.0,202512,MX,0203194090,47,47,70,70,611940.0,0.0,1484721.0,12,2025
224.0,0.0,2800.0,2809.0,9.0,202512,MX,0203210000,47,47,70,70,224.0,0.0,2800.0,12,2025
60072.0,0.0,81478.0,81628.0,150.0,202512,MX,0203229000,47,47,70,70,60072.0,0.0,81478.0,12,2025
122804.0,0.0,495911.0,496629.0,718.0,202512,MX,0203292000,47,47,70,70,122804.0,0.0,495911.0,12,2025
1929914.0,0.0,9949125.0,9988847.0,39722.0,202512,MX,0203294000,47,47,70,70,1929914.0,0.0,9949125.0,12,2025
